Metric,Operator1,Operator2,U_statistic,p_value,Significant,Mean1,Mean2,Mean_Diff,Effect_Size_r,CI_Lower,CI_Upper
Elite Hit Rate (%),ConceptAdditionOperator,InformedEvolutionOperator,23.0,0.04499303387735437,False,4.075,8.283000000000001,-4.208000000000001,-0.456383297553399,-7.534124999999999,-0.6946250000000006
Elite Hit Rate (%),ConceptAdditionOperator,LLMBackTranslation_HI,42.5,0.5961481398688386,False,4.075,4.351999999999999,-0.27699999999999925,-0.1267731382092775,-2.555725,2.028449999999999
Elite Hit Rate (%),ConceptAdditionOperator,LLMBasedParaphrasing,59.5,0.4961297149428171,False,4.075,3.011,1.064,0.16057930839841814,-0.9762249999999996,3.274499999999998
Elite Hit Rate (%),ConceptAdditionOperator,LLM_POSAwareSynonymReplacement,31.5,0.17345557371239162,False,4.075,5.888,-1.8129999999999997,-0.31270707424955113,-4.281075,0.9313749999999988
Elite Hit Rate (%),ConceptAdditionOperator,MLM,26.5,0.0818686237306444,False,4.075,5.546999999999999,-1.4719999999999986,-0.3972224997224028,-3.7568249999999987,0.7493250000000002
Elite Hit Rate (%),ConceptAdditionOperator,NegationOperator,49.0,0.9697817710518929,False,4.075,4.45,-0.375,-0.01690308509457033,-2.9964250000000003,2.1972749999999994
Elite Hit Rate (%),ConceptAdditionOperator,POSAwareAntonymReplacement,25.5,0.06953745003698122,False,4.075,6.292,-2.2169999999999996,-0.4141255848169731,-4.635149999999998,0.4710250000000001
Elite Hit Rate (%),ConceptAdditionOperator,SemanticFusionCrossover,74.0,0.07566157214388701,False,4.075,2.0550000000000006,2.0199999999999996,0.40567404226968795,-0.03827500000000027,4.112225
Elite Hit Rate (%),ConceptAdditionOperator,SemanticSimilarityCrossover,73.0,0.0884925707322318,False,4.075,1.989,2.0860000000000003,0.3887709571751176,0.09187500000000008,4.416149999999998
Elite Hit Rate (%),ConceptAdditionOperator,StylisticMutator,67.5,0.19842682528331534,False,4.075,2.468,1.6070000000000002,0.2958039891549808,-0.22604999999999997,3.800075
Elite Hit Rate (%),ConceptAdditionOperator,TypographicalErrorsOperator,55.0,0.7335371872311481,False,4.075,3.021,1.0540000000000003,0.08451542547285167,-1.000275000000001,3.2974
Elite Hit Rate (%),InformedEvolutionOperator,LLMBackTranslation_HI,76.0,0.053541939230945364,False,8.283000000000001,4.351999999999999,3.931000000000002,0.4394802124588286,1.0799250000000005,7.288524999999998
Elite Hit Rate (%),InformedEvolutionOperator,LLMBasedParaphrasing,84.0,0.011329696684474666,False,8.283000000000001,3.011,5.272000000000001,0.5747048932153913,2.2136249999999995,8.534099999999997
Elite Hit Rate (%),InformedEvolutionOperator,LLM_POSAwareSynonymReplacement,64.5,0.28973706282213796,False,8.283000000000001,5.888,2.3950000000000014,0.24509473387126982,-1.0467749999999998,6.086374999999999
Elite Hit Rate (%),InformedEvolutionOperator,MLM,67.0,0.21160560249578764,False,8.283000000000001,5.546999999999999,2.7360000000000024,0.28735244660769566,-0.3082999999999998,5.780200000000002
Elite Hit Rate (%),InformedEvolutionOperator,NegationOperator,73.5,0.0818686237306444,False,8.283000000000001,4.45,3.833000000000001,0.3972224997224028,0.7976500000000016,7.061174999999999
Elite Hit Rate (%),InformedEvolutionOperator,POSAwareAntonymReplacement,63.0,0.3447042220069576,False,8.283000000000001,6.292,1.9910000000000014,0.2197401062294143,-1.0931000000000008,5.485899999999997
Elite Hit Rate (%),InformedEvolutionOperator,SemanticFusionCrossover,92.0,0.0017062493689195964,False,8.283000000000001,2.0550000000000006,6.228000000000001,0.7099295739719539,3.3947250000000007,9.378199999999998
Elite Hit Rate (%),InformedEvolutionOperator,SemanticSimilarityCrossover,93.0,0.001292949653512362,False,8.283000000000001,1.989,6.294000000000001,0.7268326590665242,3.2139,9.479524999999999
Elite Hit Rate (%),InformedEvolutionOperator,StylisticMutator,92.0,0.0016993946489268948,False,8.283000000000001,2.468,5.815000000000001,0.7099295739719539,2.8932500000000005,9.100874999999998
Elite Hit Rate (%),InformedEvolutionOperator,TypographicalErrorsOperator,86.5,0.006441480809132669,False,8.283000000000001,3.021,5.262000000000001,0.6169626059518171,2.18885,8.495524999999999
Elite Hit Rate (%),LLMBackTranslation_HI,LLMBasedParaphrasing,67.5,0.19842682528331534,False,4.351999999999999,3.011,1.3409999999999993,0.2958039891549808,-0.6639999999999993,3.2342749999999993
Elite Hit Rate (%),LLMBackTranslation_HI,LLM_POSAwareSynonymReplacement,39.5,0.4493506977638876,False,4.351999999999999,5.888,-1.5360000000000005,-0.17748239349298847,-3.7330749999999995,0.9043249999999996
Elite Hit Rate (%),LLMBackTranslation_HI,MLM,35.0,0.27122712216381695,False,4.351999999999999,5.546999999999999,-1.1949999999999994,-0.253546276418555,-3.164525000000001,0.7871999999999989
Elite Hit Rate (%),LLMBackTranslation_HI,NegationOperator,50.5,1.0,False,4.351999999999999,4.45,-0.09800000000000075,0.008451542547285164,-2.35405,1.9670999999999983
Elite Hit Rate (%),LLMBackTranslation_HI,POSAwareAntonymReplacement,35.0,0.27285596848712856,False,4.351999999999999,6.292,-1.9400000000000004,-0.253546276418555,-4.338125000000001,0.42395000000000005
Elite Hit Rate (%),LLMBackTranslation_HI,SemanticFusionCrossover,77.5,0.04109755198325099,False,4.351999999999999,2.0550000000000006,2.296999999999999,0.46483484010068415,0.6654249999999999,4.019224999999999
Elite Hit Rate (%),LLMBackTranslation_HI,SemanticSimilarityCrossover,81.5,0.01861607791187817,False,4.351999999999999,1.989,2.3629999999999995,0.5324471804789654,0.6506749999999998,4.268075
Elite Hit Rate (%),LLMBackTranslation_HI,StylisticMutator,79.0,0.031082168059679307,False,4.351999999999999,2.468,1.8839999999999995,0.49018946774253963,0.18147500000000039,3.3873249999999993
Elite Hit Rate (%),LLMBackTranslation_HI,TypographicalErrorsOperator,68.5,0.17280783258511112,False,4.351999999999999,3.021,1.3309999999999995,0.31270707424955113,-0.46462500000000034,3.2139999999999995
Elite Hit Rate (%),LLMBasedParaphrasing,LLM_POSAwareSynonymReplacement,20.5,0.028306043228323405,False,3.011,5.888,-2.877,-0.49864101028982477,-5.2124,-0.6419249999999995
Elite Hit Rate (%),LLMBasedParaphrasing,MLM,19.0,0.02098868372977483,False,3.011,5.546999999999999,-2.5359999999999987,-0.5239956379316802,-4.411650000000002,-0.6680000000000001
Elite Hit Rate (%),LLMBasedParaphrasing,NegationOperator,35.0,0.27285596848712856,False,3.011,4.45,-1.439,-0.253546276418555,-3.5959749999999997,0.906274999999999
Elite Hit Rate (%),LLMBasedParaphrasing,POSAwareAntonymReplacement,15.0,0.009108496398030965,False,3.011,6.292,-3.2809999999999997,-0.5916079783099616,-5.533350000000001,-1.113825
Elite Hit Rate (%),LLMBasedParaphrasing,SemanticFusionCrossover,63.5,0.3255694067409992,False,3.011,2.0550000000000006,0.9559999999999995,0.2281916487766995,-0.8170749999999998,2.6771499999999997
Elite Hit Rate (%),LLMBasedParaphrasing,SemanticSimilarityCrossover,59.5,0.4946648397254585,False,3.011,1.989,1.022,0.16057930839841814,-0.722375,2.7725749999999993
Elite Hit Rate (%),LLMBasedParaphrasing,StylisticMutator,52.5,0.8796494221784649,False,3.011,2.468,0.5430000000000001,0.04225771273642583,-1.038125,1.9931750000000001
Elite Hit Rate (%),LLMBasedParaphrasing,TypographicalErrorsOperator,43.0,0.6229147020941013,False,3.011,3.021,-0.009999999999999787,-0.11832159566199232,-1.6291000000000004,2.0622250000000006
Elite Hit Rate (%),LLM_POSAwareSynonymReplacement,MLM,49.5,1.0,False,5.888,5.546999999999999,0.3410000000000011,-0.008451542547285164,-2.0984250000000015,2.530149999999999
Elite Hit Rate (%),LLM_POSAwareSynonymReplacement,NegationOperator,68.5,0.17329374316974477,False,5.888,4.45,1.4379999999999997,0.31270707424955113,-1.1575500000000005,4.13835
Elite Hit Rate (%),LLM_POSAwareSynonymReplacement,POSAwareAntonymReplacement,42.0,0.5704604728984778,False,5.888,6.292,-0.4039999999999999,-0.13522468075656263,-2.792900000000001,2.0916499999999996
Elite Hit Rate (%),LLM_POSAwareSynonymReplacement,SemanticFusionCrossover,88.0,0.004586392080253494,False,5.888,2.0550000000000006,3.8329999999999993,0.6423172335936725,1.8835249999999994,6.010625
Elite Hit Rate (%),LLM_POSAwareSynonymReplacement,SemanticSimilarityCrossover,87.0,0.0057220301917339615,False,5.888,1.989,3.899,0.6254141484991023,1.6619250000000003,6.075624999999999
Elite Hit Rate (%),LLM_POSAwareSynonymReplacement,StylisticMutator,83.5,0.01254457384470329,False,5.888,2.468,3.42,0.5662533506681061,1.498625,5.380775
Elite Hit Rate (%),LLM_POSAwareSynonymReplacement,TypographicalErrorsOperator,77.0,0.04499303387735437,False,5.888,3.021,2.867,0.456383297553399,0.8503000000000008,5.006125000000001
Elite Hit Rate (%),MLM,NegationOperator,63.5,0.3252050933352425,False,5.546999999999999,4.45,1.0969999999999986,0.2281916487766995,-1.1356250000000006,3.4007999999999994
Elite Hit Rate (%),MLM,POSAwareAntonymReplacement,44.5,0.7052456444320859,False,5.546999999999999,6.292,-0.745000000000001,-0.09296696802013682,-3.003575,1.295075
Elite Hit Rate (%),MLM,SemanticFusionCrossover,91.0,0.0021937635741237304,False,5.546999999999999,2.0550000000000006,3.491999999999998,0.6930264888773836,1.8938499999999991,5.119724999999998
Elite Hit Rate (%),MLM,SemanticSimilarityCrossover,95.0,0.0007510688919945186,True,5.546999999999999,1.989,3.557999999999999,0.760638829255665,1.9807500000000007,5.205475
Elite Hit Rate (%),MLM,StylisticMutator,94.5,0.0008689435771542495,False,5.546999999999999,2.468,3.078999999999999,0.7521872867083796,1.6018000000000003,4.691025000000001
Elite Hit Rate (%),MLM,TypographicalErrorsOperator,84.0,0.01120695479765041,False,5.546999999999999,3.021,2.525999999999999,0.5747048932153913,1.069975,4.309025000000001
Elite Hit Rate (%),NegationOperator,POSAwareAntonymReplacement,30.0,0.1403158334701604,False,4.45,6.292,-1.8419999999999996,-0.33806170189140666,-4.3443499999999995,0.6757749999999991
Elite Hit Rate (%),NegationOperator,SemanticFusionCrossover,74.0,0.0755515855296866,False,4.45,2.0550000000000006,2.3949999999999996,0.40567404226968795,0.2252749999999996,4.4628749999999995
Elite Hit Rate (%),NegationOperator,SemanticSimilarityCrossover,73.0,0.08837244910755158,False,4.45,1.989,2.4610000000000003,0.3887709571751176,0.37765000000000054,4.564175
Elite Hit Rate (%),NegationOperator,StylisticMutator,67.5,0.19724189236240486,False,4.45,2.468,1.9820000000000002,0.2958039891549808,0.13295,3.9826000000000006
Elite Hit Rate (%),NegationOperator,TypographicalErrorsOperator,57.5,0.5964249614572503,False,4.45,3.021,1.4290000000000003,0.1267731382092775,-0.4577499999999998,3.609350000000001
Elite Hit Rate (%),POSAwareAntonymReplacement,SemanticFusionCrossover,93.0,0.0013149446697132139,False,6.292,2.0550000000000006,4.236999999999999,0.7268326590665242,2.2893750000000006,6.437599999999998
Elite Hit Rate (%),POSAwareAntonymReplacement,SemanticSimilarityCrossover,94.0,0.000990374655715821,False,6.292,1.989,4.303,0.7437357441610946,2.4219750000000007,6.54515
Elite Hit Rate (%),POSAwareAntonymReplacement,StylisticMutator,91.0,0.0021937635741237304,False,6.292,2.468,3.824,0.6930264888773836,1.9688999999999999,5.8326249999999975
Elite Hit Rate (%),POSAwareAntonymReplacement,TypographicalErrorsOperator,86.5,0.006481595171709044,False,6.292,3.021,3.271,0.6169626059518171,1.3486750000000003,5.277849999999999
Elite Hit Rate (%),SemanticFusionCrossover,SemanticSimilarityCrossover,51.5,0.9394698244730116,False,2.0550000000000006,1.989,0.0660000000000005,0.025354627641855497,-1.3460499999999997,1.4983749999999996
Elite Hit Rate (%),SemanticFusionCrossover,StylisticMutator,40.0,0.472509068324386,False,2.0550000000000006,2.468,-0.41299999999999937,-0.16903085094570333,-1.6420249999999992,0.9264000000000007
Elite Hit Rate (%),SemanticFusionCrossover,TypographicalErrorsOperator,33.5,0.2263014317699833,False,2.0550000000000006,3.021,-0.9659999999999993,-0.2789009040604105,-2.3102500000000004,0.5546749999999997
Elite Hit Rate (%),SemanticSimilarityCrossover,StylisticMutator,42.0,0.5700245022172045,False,1.989,2.468,-0.47899999999999987,-0.13522468075656263,-1.7751249999999998,0.7991500000000002
Elite Hit Rate (%),SemanticSimilarityCrossover,TypographicalErrorsOperator,31.5,0.171996585262853,False,1.989,3.021,-1.0319999999999998,-0.31270707424955113,-2.4312,0.4133500000000004
Elite Hit Rate (%),StylisticMutator,TypographicalErrorsOperator,37.0,0.344522779098129,False,2.468,3.021,-0.5529999999999999,-0.2197401062294143,-1.7131499999999997,0.7582999999999998
Conditional Elite Hit Rate (%),ConceptAdditionOperator,InformedEvolutionOperator,17.0,0.014019277113959951,False,6.743,14.950999999999999,-8.207999999999998,-0.557801808120821,-13.899125000000002,-3.0063750000000034
Conditional Elite Hit Rate (%),ConceptAdditionOperator,LLMBackTranslation_HI,54.0,0.7913367801006604,False,6.743,5.523000000000001,1.2199999999999998,0.06761234037828132,-2.1443749999999993,4.712149999999997
Conditional Elite Hit Rate (%),ConceptAdditionOperator,LLMBasedParaphrasing,60.0,0.47267559351158717,False,6.743,5.128000000000001,1.6149999999999993,0.16903085094570333,-2.153050000000001,5.7490250000000005
Conditional Elite Hit Rate (%),ConceptAdditionOperator,LLM_POSAwareSynonymReplacement,44.0,0.6775849579524755,False,6.743,6.949999999999998,-0.20699999999999807,-0.10141851056742199,-3.5311750000000006,3.566974999999998
Conditional Elite Hit Rate (%),ConceptAdditionOperator,MLM,32.0,0.18587673236587599,False,6.743,8.336000000000002,-1.5930000000000017,-0.30425553170226594,-4.879325,1.9261499999999958
Conditional Elite Hit Rate (%),ConceptAdditionOperator,NegationOperator,55.0,0.7336336437678685,False,6.743,5.6659999999999995,1.0770000000000008,0.08451542547285167,-2.4832499999999995,4.948749999999999
Conditional Elite Hit Rate (%),ConceptAdditionOperator,POSAwareAntonymReplacement,41.0,0.5205228832757727,False,6.743,6.756,-0.0129999999999999,-0.15212776585113297,-3.3857250000000016,3.5860250000000002
Conditional Elite Hit Rate (%),ConceptAdditionOperator,SemanticFusionCrossover,62.0,0.3846730627355087,False,6.743,4.598,2.1450000000000005,0.20283702113484398,-1.2975750000000006,5.652075000000001
Conditional Elite Hit Rate (%),ConceptAdditionOperator,SemanticSimilarityCrossover,46.0,0.7910295772981756,False,6.743,8.694999999999999,-1.9519999999999982,-0.06761234037828132,-8.016825,3.8322250000000007
Conditional Elite Hit Rate (%),ConceptAdditionOperator,StylisticMutator,64.0,0.307125474782733,False,6.743,4.1339999999999995,2.609000000000001,0.23664319132398465,-0.339125,5.911449999999999
Conditional Elite Hit Rate (%),ConceptAdditionOperator,TypographicalErrorsOperator,47.0,0.8501067391385259,False,6.743,6.406999999999999,0.3360000000000012,-0.050709255283710994,-2.936175,4.474624999999998
Conditional Elite Hit Rate (%),InformedEvolutionOperator,LLMBackTranslation_HI,84.0,0.011329696684474666,False,14.950999999999999,5.523000000000001,9.427999999999997,0.5747048932153913,4.5691,14.5735
Conditional Elite Hit Rate (%),InformedEvolutionOperator,LLMBasedParaphrasing,83.0,0.014019277113959951,False,14.950999999999999,5.128000000000001,9.822999999999997,0.557801808120821,4.6868750000000015,14.943124999999998
Conditional Elite Hit Rate (%),InformedEvolutionOperator,LLM_POSAwareSynonymReplacement,80.0,0.025748080821108073,False,14.950999999999999,6.949999999999998,8.001000000000001,0.50709255283711,2.7230250000000003,12.876125000000004
Conditional Elite Hit Rate (%),InformedEvolutionOperator,MLM,76.0,0.05390255716938719,False,14.950999999999999,8.336000000000002,6.614999999999997,0.4394802124588286,2.1008500000000008,11.922075000000001
Conditional Elite Hit Rate (%),InformedEvolutionOperator,NegationOperator,87.0,0.005776978583674299,False,14.950999999999999,5.6659999999999995,9.285,0.6254141484991023,4.004075000000002,14.345350000000002
Conditional Elite Hit Rate (%),InformedEvolutionOperator,POSAwareAntonymReplacement,79.0,0.031209012771740218,False,14.950999999999999,6.756,8.194999999999999,0.49018946774253963,2.8497500000000002,12.991599999999995
Conditional Elite Hit Rate (%),InformedEvolutionOperator,SemanticFusionCrossover,90.0,0.0028272720911168077,False,14.950999999999999,4.598,10.352999999999998,0.6761234037828133,5.1418,15.440250000000002
Conditional Elite Hit Rate (%),InformedEvolutionOperator,SemanticSimilarityCrossover,74.0,0.07522166534813726,False,14.950999999999999,8.694999999999999,6.256,0.40567404226968795,-0.29064999999999785,12.863
Conditional Elite Hit Rate (%),InformedEvolutionOperator,StylisticMutator,91.0,0.0022022199424970783,False,14.950999999999999,4.1339999999999995,10.817,0.6930264888773836,5.7707500000000005,15.491025
Conditional Elite Hit Rate (%),InformedEvolutionOperator,TypographicalErrorsOperator,82.0,0.017257456083119765,False,14.950999999999999,6.406999999999999,8.544,0.5408987230262505,3.4233999999999996,13.446425000000005
Conditional Elite Hit Rate (%),LLMBackTranslation_HI,LLMBasedParaphrasing,60.5,0.44952132576702597,False,5.523000000000001,5.128000000000001,0.3949999999999996,0.17748239349298847,-2.83115,3.3734
Conditional Elite Hit Rate (%),LLMBackTranslation_HI,LLM_POSAwareSynonymReplacement,43.0,0.6231762238821174,False,5.523000000000001,6.949999999999998,-1.4269999999999978,-0.11832159566199232,-4.222250000000001,1.448874999999998
Conditional Elite Hit Rate (%),LLMBackTranslation_HI,MLM,23.0,0.04515456962427901,False,5.523000000000001,8.336000000000002,-2.8130000000000015,-0.456383297553399,-5.258425000000001,-0.27980000000000255
Conditional Elite Hit Rate (%),LLMBackTranslation_HI,NegationOperator,52.5,0.8797393918291729,False,5.523000000000001,5.6659999999999995,-0.1429999999999989,0.04225771273642583,-3.1979999999999986,2.71435
Conditional Elite Hit Rate (%),LLMBackTranslation_HI,POSAwareAntonymReplacement,43.0,0.6231762238821174,False,5.523000000000001,6.756,-1.2329999999999997,-0.11832159566199232,-3.7002249999999997,1.2905499999999996
Conditional Elite Hit Rate (%),LLMBackTranslation_HI,SemanticFusionCrossover,62.5,0.36416573464017177,False,5.523000000000001,4.598,0.9250000000000007,0.21128856368212914,-1.808399999999999,3.4593750000000005
Conditional Elite Hit Rate (%),LLMBackTranslation_HI,SemanticSimilarityCrossover,43.5,0.6489134622152116,False,5.523000000000001,8.694999999999999,-3.171999999999998,-0.10987005311470716,-8.799025,1.587924999999998
Conditional Elite Hit Rate (%),LLMBackTranslation_HI,StylisticMutator,65.0,0.27303633975118835,False,5.523000000000001,4.1339999999999995,1.3890000000000011,0.253546276418555,-0.9806,3.5853499999999974
Conditional Elite Hit Rate (%),LLMBackTranslation_HI,TypographicalErrorsOperator,38.5,0.4055023001299908,False,5.523000000000001,6.406999999999999,-0.8839999999999986,-0.1943854785875588,-3.7981249999999998,2.2523749999999993
Conditional Elite Hit Rate (%),LLMBasedParaphrasing,LLM_POSAwareSynonymReplacement,35.0,0.27303633975118835,False,5.128000000000001,6.949999999999998,-1.8219999999999974,-0.253546276418555,-5.084174999999999,1.7187250000000018
Conditional Elite Hit Rate (%),LLMBasedParaphrasing,MLM,20.0,0.025748080821108073,False,5.128000000000001,8.336000000000002,-3.208000000000001,-0.50709255283711,-5.9162250000000025,0.13864999999999927
Conditional Elite Hit Rate (%),LLMBasedParaphrasing,NegationOperator,50.0,1.0,False,5.128000000000001,5.6659999999999995,-0.5379999999999985,0.0,-3.9446250000000007,2.820449999999999
Conditional Elite Hit Rate (%),LLMBasedParaphrasing,POSAwareAntonymReplacement,33.0,0.21229383619233166,False,5.128000000000001,6.756,-1.6279999999999992,-0.28735244660769566,-4.739474999999999,1.7323749999999998
Conditional Elite Hit Rate (%),LLMBasedParaphrasing,SemanticFusionCrossover,54.5,0.762282125586337,False,5.128000000000001,4.598,0.5300000000000011,0.07606388292556648,-2.6628500000000006,3.7183249999999997
Conditional Elite Hit Rate (%),LLMBasedParaphrasing,SemanticSimilarityCrossover,43.5,0.6489134622152116,False,5.128000000000001,8.694999999999999,-3.5669999999999975,-0.10987005311470716,-9.52705,1.5239999999999987
Conditional Elite Hit Rate (%),LLMBasedParaphrasing,StylisticMutator,52.5,0.8797843010569926,False,5.128000000000001,4.1339999999999995,0.9940000000000015,0.04225771273642583,-1.7860500000000008,3.7757249999999987
Conditional Elite Hit Rate (%),LLMBasedParaphrasing,TypographicalErrorsOperator,35.5,0.28973706282213796,False,5.128000000000001,6.406999999999999,-1.2789999999999981,-0.24509473387126982,-4.3805,2.1003249999999993
Conditional Elite Hit Rate (%),LLM_POSAwareSynonymReplacement,MLM,38.0,0.3846730627355087,False,6.949999999999998,8.336000000000002,-1.3860000000000037,-0.20283702113484398,-4.165024999999998,1.4659999999999993
Conditional Elite Hit Rate (%),LLM_POSAwareSynonymReplacement,NegationOperator,62.0,0.3844942826161789,False,6.949999999999998,5.6659999999999995,1.283999999999999,0.20283702113484398,-1.9659499999999999,4.423399999999999
Conditional Elite Hit Rate (%),LLM_POSAwareSynonymReplacement,POSAwareAntonymReplacement,52.0,0.9097218891455553,False,6.949999999999998,6.756,0.19399999999999817,0.03380617018914066,-2.6021500000000004,3.0710249999999997
Conditional Elite Hit Rate (%),LLM_POSAwareSynonymReplacement,SemanticFusionCrossover,67.5,0.1985957586332152,False,6.949999999999998,4.598,2.3519999999999985,0.2958039891549808,-0.7335000000000005,5.277024999999999
Conditional Elite Hit Rate (%),LLM_POSAwareSynonymReplacement,SemanticSimilarityCrossover,49.0,0.9698045577720108,False,6.949999999999998,8.694999999999999,-1.745,-0.01690308509457033,-7.758275,3.838975
Conditional Elite Hit Rate (%),LLM_POSAwareSynonymReplacement,StylisticMutator,70.0,0.14046504815835498,False,6.949999999999998,4.1339999999999995,2.815999999999999,0.33806170189140666,0.2220000000000012,5.466550000000001
Conditional Elite Hit Rate (%),LLM_POSAwareSynonymReplacement,TypographicalErrorsOperator,53.0,0.8501067391385259,False,6.949999999999998,6.406999999999999,0.5429999999999993,0.050709255283710994,-2.0839250000000002,3.8000750000000005
Conditional Elite Hit Rate (%),MLM,NegationOperator,68.0,0.18571128044479945,False,8.336000000000002,5.6659999999999995,2.6700000000000026,0.30425553170226594,-0.24899999999999933,5.6553
Conditional Elite Hit Rate (%),MLM,POSAwareAntonymReplacement,67.0,0.21229383619233166,False,8.336000000000002,6.756,1.5800000000000018,0.28735244660769566,-0.8990999999999992,4.090474999999997
Conditional Elite Hit Rate (%),MLM,SemanticFusionCrossover,81.0,0.021133928129161098,False,8.336000000000002,4.598,3.738000000000002,0.5239956379316802,1.090750000000001,6.510649999999999
Conditional Elite Hit Rate (%),MLM,SemanticSimilarityCrossover,52.0,0.9095864090443472,False,8.336000000000002,8.694999999999999,-0.35899999999999643,0.03380617018914066,-5.836299999999996,4.66165
Conditional Elite Hit Rate (%),MLM,StylisticMutator,90.0,0.0028272720911168077,False,8.336000000000002,4.1339999999999995,4.202000000000003,0.6761234037828133,2.150725,6.393125
Conditional Elite Hit Rate (%),MLM,TypographicalErrorsOperator,62.5,0.36416573464017177,False,8.336000000000002,6.406999999999999,1.929000000000003,0.21128856368212914,-0.7700499999999979,5.045224999999999
Conditional Elite Hit Rate (%),NegationOperator,POSAwareAntonymReplacement,37.0,0.344522779098129,False,5.6659999999999995,6.756,-1.0900000000000007,-0.2197401062294143,-4.28905,1.704874999999999
Conditional Elite Hit Rate (%),NegationOperator,SemanticFusionCrossover,55.0,0.7336336437678685,False,5.6659999999999995,4.598,1.0679999999999996,0.08451542547285167,-1.9540750000000002,4.1572
Conditional Elite Hit Rate (%),NegationOperator,SemanticSimilarityCrossover,44.0,0.6770115120224494,False,5.6659999999999995,8.694999999999999,-3.028999999999999,-0.10141851056742199,-8.898649999999998,2.3321
Conditional Elite Hit Rate (%),NegationOperator,StylisticMutator,57.0,0.6230455308379078,False,5.6659999999999995,4.1339999999999995,1.532,0.11832159566199232,-1.1923749999999997,4.103274999999999
Conditional Elite Hit Rate (%),NegationOperator,TypographicalErrorsOperator,49.0,0.969838641404833,False,5.6659999999999995,6.406999999999999,-0.7409999999999997,-0.01690308509457033,-3.7601500000000003,2.604274999999998
Conditional Elite Hit Rate (%),POSAwareAntonymReplacement,SemanticFusionCrossover,72.0,0.10410988966022681,False,6.756,4.598,2.1580000000000004,0.3718678720805473,-0.674125,4.88055
Conditional Elite Hit Rate (%),POSAwareAntonymReplacement,SemanticSimilarityCrossover,48.0,0.9095864090443472,False,6.756,8.694999999999999,-1.9389999999999983,-0.03380617018914066,-6.956800000000002,3.3371499999999985
Conditional Elite Hit Rate (%),POSAwareAntonymReplacement,StylisticMutator,74.5,0.06953745003698122,False,6.756,4.1339999999999995,2.6220000000000008,0.4141255848169731,0.4424999999999996,4.882075
Conditional Elite Hit Rate (%),POSAwareAntonymReplacement,TypographicalErrorsOperator,49.0,0.9698499769931556,False,6.756,6.406999999999999,0.3490000000000011,-0.01690308509457033,-2.205175000000001,3.340149999999999
Conditional Elite Hit Rate (%),SemanticFusionCrossover,SemanticSimilarityCrossover,39.0,0.4254346432610663,False,4.598,8.694999999999999,-4.096999999999999,-0.18593393604027364,-9.2541,1.072225
Conditional Elite Hit Rate (%),SemanticFusionCrossover,StylisticMutator,50.0,1.0,False,4.598,4.1339999999999995,0.4640000000000004,0.0,-1.7950249999999999,3.1871250000000004
Conditional Elite Hit Rate (%),SemanticFusionCrossover,TypographicalErrorsOperator,34.5,0.25666036991585695,False,4.598,6.406999999999999,-1.8089999999999993,-0.2619978189658401,-4.715075000000001,1.065124999999999
Conditional Elite Hit Rate (%),SemanticSimilarityCrossover,StylisticMutator,60.0,0.47200855766610705,False,8.694999999999999,4.1339999999999995,4.560999999999999,0.16903085094570333,0.06792499999999957,9.633749999999996
Conditional Elite Hit Rate (%),SemanticSimilarityCrossover,TypographicalErrorsOperator,54.5,0.7614975975683588,False,8.694999999999999,6.406999999999999,2.2879999999999994,0.07606388292556648,-2.5553,7.968424999999999
Conditional Elite Hit Rate (%),StylisticMutator,TypographicalErrorsOperator,28.0,0.10410988966022681,False,4.1339999999999995,6.406999999999999,-2.2729999999999997,-0.3718678720805473,-4.764749999999999,0.13204999999999878
Invalid Rate (%),ConceptAdditionOperator,InformedEvolutionOperator,43.0,0.6231762238821174,False,39.334999999999994,43.980999999999995,-4.646000000000001,-0.11832159566199232,-11.937049999999997,2.1261000000000045
Invalid Rate (%),ConceptAdditionOperator,LLMBackTranslation_HI,100.0,0.00018267179110955002,True,39.334999999999994,20.079,19.255999999999993,0.8451542547285166,15.159300000000007,23.4142
Invalid Rate (%),ConceptAdditionOperator,LLMBasedParaphrasing,33.0,0.21229383619233166,False,39.334999999999994,40.229,-0.8940000000000055,-0.28735244660769566,-4.401275000000005,2.9843000000000086
Invalid Rate (%),ConceptAdditionOperator,LLM_POSAwareSynonymReplacement,100.0,0.00018267179110955002,True,39.334999999999994,12.586,26.748999999999995,0.8451542547285166,24.153900000000004,29.292399999999997
Invalid Rate (%),ConceptAdditionOperator,MLM,94.0,0.0010079762403767444,False,39.334999999999994,27.95,11.384999999999994,0.7437357441610946,7.829824999999999,14.969049999999994
Invalid Rate (%),ConceptAdditionOperator,NegationOperator,100.0,0.00018267179110955002,True,39.334999999999994,18.381,20.953999999999994,0.8451542547285166,17.021799999999992,25.051724999999998
Invalid Rate (%),ConceptAdditionOperator,POSAwareAntonymReplacement,100.0,0.0001816511460914649,True,39.334999999999994,4.7909999999999995,34.544,0.8451542547285166,32.21757500000001,36.57730000000001
Invalid Rate (%),ConceptAdditionOperator,SemanticFusionCrossover,0.0,0.0001816511460914649,True,39.334999999999994,55.681,-16.346000000000004,-0.8451542547285166,-19.364675,-12.867974999999996
Invalid Rate (%),ConceptAdditionOperator,SemanticSimilarityCrossover,100.0,6.386444750436982e-05,True,39.334999999999994,0.0,39.334999999999994,0.8451542547285166,37.4759,41.011424999999996
Invalid Rate (%),ConceptAdditionOperator,StylisticMutator,45.0,0.7335371872311481,False,39.334999999999994,40.559000000000005,-1.2240000000000109,-0.08451542547285167,-5.0868499999999965,2.019000000000001
Invalid Rate (%),ConceptAdditionOperator,TypographicalErrorsOperator,0.0,0.00018267179110955002,True,39.334999999999994,53.621,-14.286000000000008,-0.8451542547285166,-16.886224999999992,-11.671449999999998
Invalid Rate (%),InformedEvolutionOperator,LLMBackTranslation_HI,99.0,0.0002461281279052297,True,43.980999999999995,20.079,23.901999999999994,0.8282511696339462,16.61135,31.351975
Invalid Rate (%),InformedEvolutionOperator,LLMBasedParaphrasing,58.0,0.5707503880581739,False,43.980999999999995,40.229,3.7519999999999953,0.13522468075656263,-3.4514000000000005,10.983299999999987
Invalid Rate (%),InformedEvolutionOperator,LLM_POSAwareSynonymReplacement,100.0,0.00018267179110955002,True,43.980999999999995,12.586,31.394999999999996,0.8451542547285166,24.92725,38.621449999999996
Invalid Rate (%),InformedEvolutionOperator,MLM,90.0,0.0028272720911168077,False,43.980999999999995,27.95,16.030999999999995,0.6761234037828133,8.432899999999997,22.999924999999998
Invalid Rate (%),InformedEvolutionOperator,NegationOperator,100.0,0.00018267179110955002,True,43.980999999999995,18.381,25.599999999999994,0.8451542547285166,18.485950000000003,32.753575
Invalid Rate (%),InformedEvolutionOperator,POSAwareAntonymReplacement,100.0,0.0001816511460914649,True,43.980999999999995,4.7909999999999995,39.19,0.8451542547285166,33.11545,45.83425
Invalid Rate (%),InformedEvolutionOperator,SemanticFusionCrossover,17.0,0.013983257746930513,False,43.980999999999995,55.681,-11.700000000000003,-0.557801808120821,-18.557625000000005,-4.836150000000003
Invalid Rate (%),InformedEvolutionOperator,SemanticSimilarityCrossover,100.0,6.386444750436982e-05,True,43.980999999999995,0.0,43.980999999999995,0.8451542547285166,37.66215,50.433550000000004
Invalid Rate (%),InformedEvolutionOperator,StylisticMutator,57.0,0.6231762238821174,False,43.980999999999995,40.559000000000005,3.42199999999999,0.11832159566199232,-3.6340750000000073,10.300624999999982
Invalid Rate (%),InformedEvolutionOperator,TypographicalErrorsOperator,26.5,0.08198366564857765,False,43.980999999999995,53.621,-9.640000000000008,-0.3972224997224028,-16.5367,-2.545200000000003
Invalid Rate (%),LLMBackTranslation_HI,LLMBasedParaphrasing,2.0,0.0003298385207779935,True,20.079,40.229,-20.15,-0.8113480845393759,-25.05205,-14.757575000000001
Invalid Rate (%),LLMBackTranslation_HI,LLM_POSAwareSynonymReplacement,84.0,0.011329696684474666,False,20.079,12.586,7.493,0.5747048932153913,3.3643750000000003,11.535325000000002
Invalid Rate (%),LLMBackTranslation_HI,MLM,17.0,0.014019277113959951,False,20.079,27.95,-7.870999999999999,-0.557801808120821,-12.732850000000006,-2.645025000000007
Invalid Rate (%),LLMBackTranslation_HI,NegationOperator,56.5,0.6500246299061012,False,20.079,18.381,1.6980000000000004,0.10987005311470716,-3.3703749999999975,7.050675
Invalid Rate (%),LLMBackTranslation_HI,POSAwareAntonymReplacement,100.0,0.0001816511460914649,True,20.079,4.7909999999999995,15.288,0.8451542547285166,11.523874999999997,19.155799999999996
Invalid Rate (%),LLMBackTranslation_HI,SemanticFusionCrossover,0.0,0.0001816511460914649,True,20.079,55.681,-35.602,-0.8451542547285166,-39.944075000000005,-30.810524999999995
Invalid Rate (%),LLMBackTranslation_HI,SemanticSimilarityCrossover,100.0,6.386444750436982e-05,True,20.079,0.0,20.079,0.8451542547285166,16.263650000000002,24.05305
Invalid Rate (%),LLMBackTranslation_HI,StylisticMutator,0.0,0.00018267179110955002,True,20.079,40.559000000000005,-20.480000000000004,-0.8451542547285166,-25.318675000000002,-15.511800000000004
Invalid Rate (%),LLMBackTranslation_HI,TypographicalErrorsOperator,0.0,0.00018267179110955002,True,20.079,53.621,-33.542,-0.8451542547285166,-37.74852500000001,-28.984725000000005
Invalid Rate (%),LLMBasedParaphrasing,LLM_POSAwareSynonymReplacement,100.0,0.00018267179110955002,True,40.229,12.586,27.643,0.8451542547285166,23.5647,31.210325000000005
Invalid Rate (%),LLMBasedParaphrasing,MLM,94.0,0.0010079762403767444,False,40.229,27.95,12.279,0.7437357441610946,7.320774999999998,16.896299999999997
Invalid Rate (%),LLMBasedParaphrasing,NegationOperator,100.0,0.00018267179110955002,True,40.229,18.381,21.848,0.8451542547285166,16.916500000000003,26.293499999999995
Invalid Rate (%),LLMBasedParaphrasing,POSAwareAntonymReplacement,100.0,0.0001816511460914649,True,40.229,4.7909999999999995,35.438,0.8451542547285166,31.158250000000002,38.481100000000005
Invalid Rate (%),LLMBasedParaphrasing,SemanticFusionCrossover,0.0,0.0001816511460914649,True,40.229,55.681,-15.451999999999998,-0.8451542547285166,-19.568099999999994,-11.454699999999999
Invalid Rate (%),LLMBasedParaphrasing,SemanticSimilarityCrossover,100.0,6.386444750436982e-05,True,40.229,0.0,40.229,0.8451542547285166,36.367999999999995,43.075025000000004
Invalid Rate (%),LLMBasedParaphrasing,StylisticMutator,52.0,0.9097218891455553,False,40.229,40.559000000000005,-0.3300000000000054,0.03380617018914066,-4.671525000000006,4.037999999999997
Invalid Rate (%),LLMBasedParaphrasing,TypographicalErrorsOperator,0.0,0.00018267179110955002,True,40.229,53.621,-13.392000000000003,-0.8451542547285166,-17.4993,-9.961449999999997
Invalid Rate (%),LLM_POSAwareSynonymReplacement,MLM,0.0,0.00018267179110955002,True,12.586,27.95,-15.363999999999999,-0.8451542547285166,-19.258225,-11.815475000000003
Invalid Rate (%),LLM_POSAwareSynonymReplacement,NegationOperator,19.0,0.021133928129161098,False,12.586,18.381,-5.795,-0.5239956379316802,-9.498074999999998,-1.7420499999999977
Invalid Rate (%),LLM_POSAwareSynonymReplacement,POSAwareAntonymReplacement,98.0,0.0003281333148201422,True,12.586,4.7909999999999995,7.795000000000001,0.8113480845393759,5.443750000000002,9.8321
Invalid Rate (%),LLM_POSAwareSynonymReplacement,SemanticFusionCrossover,0.0,0.0001816511460914649,True,12.586,55.681,-43.095,-0.8451542547285166,-46.15335,-39.804975
Invalid Rate (%),LLM_POSAwareSynonymReplacement,SemanticSimilarityCrossover,100.0,6.386444750436982e-05,True,12.586,0.0,12.586,0.8451542547285166,10.839925,14.4804
Invalid Rate (%),LLM_POSAwareSynonymReplacement,StylisticMutator,0.0,0.00018267179110955002,True,12.586,40.559000000000005,-27.973000000000006,-0.8451542547285166,-31.2662,-24.635725000000004
Invalid Rate (%),LLM_POSAwareSynonymReplacement,TypographicalErrorsOperator,0.0,0.00018267179110955002,True,12.586,53.621,-41.035000000000004,-0.8451542547285166,-43.5053,-38.293800000000005
Invalid Rate (%),MLM,NegationOperator,89.5,0.003185649079894454,False,27.95,18.381,9.568999999999999,0.6676718612355281,4.955825,14.096024999999997
Invalid Rate (%),MLM,POSAwareAntonymReplacement,100.0,0.0001816511460914649,True,27.95,4.7909999999999995,23.159,0.8451542547285166,19.758275,26.7511
Invalid Rate (%),MLM,SemanticFusionCrossover,0.0,0.0001816511460914649,True,27.95,55.681,-27.730999999999998,-0.8451542547285166,-31.763949999999994,-23.043850000000003
Invalid Rate (%),MLM,SemanticSimilarityCrossover,100.0,6.386444750436982e-05,True,27.95,0.0,27.95,0.8451542547285166,24.797974999999997,31.46245
Invalid Rate (%),MLM,StylisticMutator,6.0,0.0010079762403767444,False,27.95,40.559000000000005,-12.609000000000005,-0.7437357441610946,-17.158475000000006,-8.158550000000002
Invalid Rate (%),MLM,TypographicalErrorsOperator,0.0,0.00018267179110955002,True,27.95,53.621,-25.671000000000003,-0.8451542547285166,-29.32834999999999,-21.742774999999995
Invalid Rate (%),NegationOperator,POSAwareAntonymReplacement,99.0,0.00024480482452445495,True,18.381,4.7909999999999995,13.59,0.8282511696339462,9.820200000000002,16.908324999999998
Invalid Rate (%),NegationOperator,SemanticFusionCrossover,0.0,0.0001816511460914649,True,18.381,55.681,-37.3,-0.8451542547285166,-41.5722,-33.2239
Invalid Rate (%),NegationOperator,SemanticSimilarityCrossover,100.0,6.386444750436982e-05,True,18.381,0.0,18.381,0.8451542547285166,14.8558,21.574
Invalid Rate (%),NegationOperator,StylisticMutator,0.0,0.00018267179110955002,True,18.381,40.559000000000005,-22.178000000000004,-0.8451542547285166,-26.76925,-17.939749999999986
Invalid Rate (%),NegationOperator,TypographicalErrorsOperator,0.0,0.00018267179110955002,True,18.381,53.621,-35.24,-0.8451542547285166,-39.16927500000001,-31.450299999999995
Invalid Rate (%),POSAwareAntonymReplacement,SemanticFusionCrossover,0.0,0.00018063472080753515,True,4.7909999999999995,55.681,-50.89,-0.8451542547285166,-53.3995,-47.82939999999999
Invalid Rate (%),POSAwareAntonymReplacement,SemanticSimilarityCrossover,100.0,6.340287417294023e-05,True,4.7909999999999995,0.0,4.7909999999999995,0.8451542547285166,3.9029499999999997,6.164599999999999
Invalid Rate (%),POSAwareAntonymReplacement,StylisticMutator,0.0,0.0001816511460914649,True,4.7909999999999995,40.559000000000005,-35.76800000000001,-0.8451542547285166,-39.325575,-32.877675
Invalid Rate (%),POSAwareAntonymReplacement,TypographicalErrorsOperator,0.0,0.0001816511460914649,True,4.7909999999999995,53.621,-48.830000000000005,-0.8451542547285166,-50.821475,-46.379975
Invalid Rate (%),SemanticFusionCrossover,SemanticSimilarityCrossover,100.0,6.340287417294023e-05,True,55.681,0.0,55.681,0.8451542547285166,52.991525,58.06567500000001
Invalid Rate (%),SemanticFusionCrossover,StylisticMutator,97.0,0.0004374549211627664,True,55.681,40.559000000000005,15.121999999999993,0.7944449994448056,11.104550000000003,19.025949999999998
Invalid Rate (%),SemanticFusionCrossover,TypographicalErrorsOperator,69.0,0.1618146063370114,False,55.681,53.621,2.059999999999995,0.32115861679683627,-1.2574499999999909,5.321499999999991
Invalid Rate (%),SemanticSimilarityCrossover,StylisticMutator,0.0,6.386444750436982e-05,True,0.0,40.559000000000005,-40.559000000000005,-0.8451542547285166,-43.486675,-37.665775
Invalid Rate (%),SemanticSimilarityCrossover,TypographicalErrorsOperator,0.0,6.386444750436982e-05,True,0.0,53.621,-53.621,-0.8451542547285166,-55.3355,-51.634375000000006
Invalid Rate (%),StylisticMutator,TypographicalErrorsOperator,1.0,0.0002461281279052297,True,40.559000000000005,53.621,-13.061999999999998,-0.8282511696339462,-16.140999999999995,-9.634400000000005
Non-Elite Percentage (%),ConceptAdditionOperator,InformedEvolutionOperator,73.5,0.08198366564857765,False,55.077,45.961,9.116,0.3972224997224028,2.691650000000005,15.856249999999994
Non-Elite Percentage (%),ConceptAdditionOperator,LLMBackTranslation_HI,1.5,0.0002836147616017281,True,55.077,70.85000000000001,-15.77300000000001,-0.8197996270866611,-20.01370000000001,-11.588850000000013
Non-Elite Percentage (%),ConceptAdditionOperator,LLMBasedParaphrasing,53.5,0.8205295061094116,False,55.077,55.10799999999999,-0.0309999999999917,0.05916079783099616,-5.116149999999986,5.078474999999996
Non-Elite Percentage (%),ConceptAdditionOperator,LLM_POSAwareSynonymReplacement,0.0,0.00018267179110955002,True,55.077,76.591,-21.513999999999996,-0.8451542547285166,-25.379650000000005,-18.042625000000026
Non-Elite Percentage (%),ConceptAdditionOperator,MLM,26.0,0.07566157214388701,False,55.077,59.504999999999995,-4.427999999999997,-0.40567404226968795,-8.755424999999997,-0.32382500000000536
Non-Elite Percentage (%),ConceptAdditionOperator,NegationOperator,5.0,0.0007685389131627666,False,55.077,71.239,-16.162000000000006,-0.760638829255665,-22.0244,-10.17345
Non-Elite Percentage (%),ConceptAdditionOperator,POSAwareAntonymReplacement,0.0,0.00018267179110955002,True,55.077,83.777,-28.700000000000003,-0.8451542547285166,-32.10980000000002,-24.90175
Non-Elite Percentage (%),ConceptAdditionOperator,SemanticFusionCrossover,100.0,0.00018267179110955002,True,55.077,40.204,14.872999999999998,0.8451542547285166,11.517824999999993,18.374850000000002
Non-Elite Percentage (%),ConceptAdditionOperator,SemanticSimilarityCrossover,100.0,0.00018267179110955002,True,55.077,20.854,34.223,0.8451542547285166,28.179925000000008,40.662375
Non-Elite Percentage (%),ConceptAdditionOperator,StylisticMutator,49.0,0.9698272930212717,False,55.077,55.32000000000001,-0.2430000000000092,-0.01690308509457033,-4.164800000000001,3.443175000000006
Non-Elite Percentage (%),ConceptAdditionOperator,TypographicalErrorsOperator,100.0,0.00018267179110955002,True,55.077,41.875,13.201999999999998,0.8451542547285166,10.085675000000005,16.26467499999999
Non-Elite Percentage (%),InformedEvolutionOperator,LLMBackTranslation_HI,0.0,0.00018267179110955002,True,45.961,70.85000000000001,-24.88900000000001,-0.8451542547285166,-31.71807500000001,-18.626500000000004
Non-Elite Percentage (%),InformedEvolutionOperator,LLMBasedParaphrasing,27.0,0.08897301170181328,False,45.961,55.10799999999999,-9.146999999999991,-0.3887709571751176,-16.070749999999993,-2.198775000000011
Non-Elite Percentage (%),InformedEvolutionOperator,LLM_POSAwareSynonymReplacement,0.0,0.00018267179110955002,True,45.961,76.591,-30.629999999999995,-0.8451542547285166,-37.367200000000004,-24.05524999999999
Non-Elite Percentage (%),InformedEvolutionOperator,MLM,11.0,0.003610514312329602,False,45.961,59.504999999999995,-13.543999999999997,-0.6592203186882429,-20.318299999999986,-7.030975000000006
Non-Elite Percentage (%),InformedEvolutionOperator,NegationOperator,1.0,0.0002461281279052297,True,45.961,71.239,-25.278000000000006,-0.8282511696339462,-33.37612500000001,-17.673350000000017
Non-Elite Percentage (%),InformedEvolutionOperator,POSAwareAntonymReplacement,0.0,0.00018267179110955002,True,45.961,83.777,-37.816,-0.8451542547285166,-43.976124999999996,-31.86690000000001
Non-Elite Percentage (%),InformedEvolutionOperator,SemanticFusionCrossover,65.0,0.27303633975118835,False,45.961,40.204,5.756999999999998,0.253546276418555,-1.0343750000000007,12.028374999999993
Non-Elite Percentage (%),InformedEvolutionOperator,SemanticSimilarityCrossover,98.0,0.0003298385207779935,True,45.961,20.854,25.107,0.8113480845393759,17.9608,33.204299999999996
Non-Elite Percentage (%),InformedEvolutionOperator,StylisticMutator,23.0,0.04515456962427901,False,45.961,55.32000000000001,-9.359000000000009,-0.456383297553399,-15.594324999999994,-3.031500000000007
Non-Elite Percentage (%),InformedEvolutionOperator,TypographicalErrorsOperator,53.5,0.8205295061094116,False,45.961,41.875,4.0859999999999985,0.05916079783099616,-1.78300000000001,10.662049999999999
Non-Elite Percentage (%),LLMBackTranslation_HI,LLMBasedParaphrasing,96.0,0.0005828399431792745,True,70.85000000000001,55.10799999999999,15.742000000000019,0.7775419143502352,10.156925000000015,20.744575000000008
Non-Elite Percentage (%),LLMBackTranslation_HI,LLM_POSAwareSynonymReplacement,20.5,0.028306043228323405,False,70.85000000000001,76.591,-5.7409999999999854,-0.49864101028982477,-9.899225000000001,-1.5204750000000151
Non-Elite Percentage (%),LLMBackTranslation_HI,MLM,95.0,0.0007685389131627666,False,70.85000000000001,59.504999999999995,11.345000000000013,0.760638829255665,6.387525000000011,15.793750000000006
Non-Elite Percentage (%),LLMBackTranslation_HI,NegationOperator,46.0,0.7913367801006604,False,70.85000000000001,71.239,-0.3889999999999958,-0.06761234037828132,-6.349499999999986,5.674625000000001
Non-Elite Percentage (%),LLMBackTranslation_HI,POSAwareAntonymReplacement,2.0,0.0003298385207779935,True,70.85000000000001,83.777,-12.926999999999992,-0.8113480845393759,-16.860174999999984,-8.857999999999995
Non-Elite Percentage (%),LLMBackTranslation_HI,SemanticFusionCrossover,100.0,0.00018267179110955002,True,70.85000000000001,40.204,30.646000000000008,0.8451542547285166,27.008875000000025,34.772075000000015
Non-Elite Percentage (%),LLMBackTranslation_HI,SemanticSimilarityCrossover,100.0,0.00018267179110955002,True,70.85000000000001,20.854,49.99600000000001,0.8451542547285166,43.575725000000006,56.29145
Non-Elite Percentage (%),LLMBackTranslation_HI,StylisticMutator,99.0,0.0002461281279052297,True,70.85000000000001,55.32000000000001,15.530000000000001,0.8282511696339462,11.151974999999988,19.829099999999993
Non-Elite Percentage (%),LLMBackTranslation_HI,TypographicalErrorsOperator,100.0,0.00018267179110955002,True,70.85000000000001,41.875,28.97500000000001,0.8451542547285166,25.405525,32.45222500000001
Non-Elite Percentage (%),LLMBasedParaphrasing,LLM_POSAwareSynonymReplacement,0.0,0.00018267179110955002,True,55.10799999999999,76.591,-21.483000000000004,-0.8451542547285166,-26.089049999999986,-16.378849999999986
Non-Elite Percentage (%),LLMBasedParaphrasing,MLM,29.0,0.12122450301291661,False,55.10799999999999,59.504999999999995,-4.397000000000006,-0.35496478698597694,-9.295199999999989,0.38329999999999
Non-Elite Percentage (%),LLMBasedParaphrasing,NegationOperator,8.0,0.0017062493689195964,False,55.10799999999999,71.239,-16.131000000000014,-0.7099295739719539,-22.21252499999999,-9.91530000000001
Non-Elite Percentage (%),LLMBasedParaphrasing,POSAwareAntonymReplacement,0.0,0.00018267179110955002,True,55.10799999999999,83.777,-28.66900000000001,-0.8451542547285166,-32.94500000000001,-23.852825000000006
Non-Elite Percentage (%),LLMBasedParaphrasing,SemanticFusionCrossover,100.0,0.00018267179110955002,True,55.10799999999999,40.204,14.90399999999999,0.8451542547285166,10.60085,19.776574999999994
Non-Elite Percentage (%),LLMBasedParaphrasing,SemanticSimilarityCrossover,100.0,0.00018267179110955002,True,55.10799999999999,20.854,34.25399999999999,0.8451542547285166,27.67095,40.971025
Non-Elite Percentage (%),LLMBasedParaphrasing,StylisticMutator,46.0,0.7913367801006604,False,55.10799999999999,55.32000000000001,-0.2120000000000175,-0.06761234037828132,-4.748075,4.873249999999991
Non-Elite Percentage (%),LLMBasedParaphrasing,TypographicalErrorsOperator,99.0,0.0002461281279052297,True,55.10799999999999,41.875,13.23299999999999,0.8282511696339462,9.217949999999997,17.758999999999986
Non-Elite Percentage (%),LLM_POSAwareSynonymReplacement,MLM,98.0,0.0003298385207779935,True,76.591,59.504999999999995,17.086,0.8113480845393759,12.79645000000001,21.130099999999995
Non-Elite Percentage (%),LLM_POSAwareSynonymReplacement,NegationOperator,69.5,0.15077333785344002,False,76.591,71.239,5.35199999999999,0.32961015934412147,-0.5052000000000002,11.760124999999992
Non-Elite Percentage (%),LLM_POSAwareSynonymReplacement,POSAwareAntonymReplacement,12.0,0.004586392080253494,False,76.591,83.777,-7.186000000000007,-0.6423172335936725,-10.594974999999975,-3.7795000000000156
Non-Elite Percentage (%),LLM_POSAwareSynonymReplacement,SemanticFusionCrossover,100.0,0.00018267179110955002,True,76.591,40.204,36.38699999999999,0.8451542547285166,32.71517500000001,39.82524999999999
Non-Elite Percentage (%),LLM_POSAwareSynonymReplacement,SemanticSimilarityCrossover,100.0,0.00018267179110955002,True,76.591,20.854,55.736999999999995,0.8451542547285166,50.34952499999999,61.6565
Non-Elite Percentage (%),LLM_POSAwareSynonymReplacement,StylisticMutator,100.0,0.00018267179110955002,True,76.591,55.32000000000001,21.270999999999987,0.8451542547285166,17.114799999999995,25.06039999999998
Non-Elite Percentage (%),LLM_POSAwareSynonymReplacement,TypographicalErrorsOperator,100.0,0.00018267179110955002,True,76.591,41.875,34.715999999999994,0.8451542547285166,31.385050000000003,37.779425
Non-Elite Percentage (%),MLM,NegationOperator,13.0,0.005758630532614327,False,59.504999999999995,71.239,-11.734000000000009,-0.6254141484991023,-17.544799999999995,-5.529924999999993
Non-Elite Percentage (%),MLM,POSAwareAntonymReplacement,0.0,0.00018267179110955002,True,59.504999999999995,83.777,-24.272000000000006,-0.8451542547285166,-27.66629999999999,-20.400899999999996
Non-Elite Percentage (%),MLM,SemanticFusionCrossover,100.0,0.00018267179110955002,True,59.504999999999995,40.204,19.300999999999995,0.8451542547285166,15.828825,23.508475000000004
Non-Elite Percentage (%),MLM,SemanticSimilarityCrossover,100.0,0.00018267179110955002,True,59.504999999999995,20.854,38.650999999999996,0.8451542547285166,32.315325,44.52869999999999
Non-Elite Percentage (%),MLM,StylisticMutator,71.0,0.12122450301291661,False,59.504999999999995,55.32000000000001,4.184999999999988,0.35496478698597694,-0.04592500000000874,8.420825
Non-Elite Percentage (%),MLM,TypographicalErrorsOperator,100.0,0.00018267179110955002,True,59.504999999999995,41.875,17.629999999999995,0.8451542547285166,14.345799999999988,21.257825
Non-Elite Percentage (%),NegationOperator,POSAwareAntonymReplacement,12.0,0.004586392080253494,False,71.239,83.777,-12.537999999999997,-0.6423172335936725,-17.680100000000007,-7.37815
Non-Elite Percentage (%),NegationOperator,SemanticFusionCrossover,100.0,0.00018267179110955002,True,71.239,40.204,31.035000000000004,0.8451542547285166,25.198949999999996,36.801624999999994
Non-Elite Percentage (%),NegationOperator,SemanticSimilarityCrossover,100.0,0.00018267179110955002,True,71.239,20.854,50.385000000000005,0.8451542547285166,42.625800000000005,57.5091
Non-Elite Percentage (%),NegationOperator,StylisticMutator,95.0,0.0007685389131627666,False,71.239,55.32000000000001,15.918999999999997,0.760638829255665,9.912949999999999,22.382975000000005
Non-Elite Percentage (%),NegationOperator,TypographicalErrorsOperator,100.0,0.00018267179110955002,True,71.239,41.875,29.364000000000004,0.8451542547285166,23.549200000000017,34.692375
Non-Elite Percentage (%),POSAwareAntonymReplacement,SemanticFusionCrossover,100.0,0.00018267179110955002,True,83.777,40.204,43.573,0.8451542547285166,40.29895,46.318100000000015
Non-Elite Percentage (%),POSAwareAntonymReplacement,SemanticSimilarityCrossover,100.0,0.00018267179110955002,True,83.777,20.854,62.923,0.8451542547285166,57.41572499999999,68.5026
Non-Elite Percentage (%),POSAwareAntonymReplacement,StylisticMutator,100.0,0.00018267179110955002,True,83.777,55.32000000000001,28.456999999999994,0.8451542547285166,24.73689999999998,31.815900000000024
Non-Elite Percentage (%),POSAwareAntonymReplacement,TypographicalErrorsOperator,100.0,0.00018267179110955002,True,83.777,41.875,41.902,0.8451542547285166,39.327474999999986,44.342025
Non-Elite Percentage (%),SemanticFusionCrossover,SemanticSimilarityCrossover,99.0,0.0002461281279052297,True,40.204,20.854,19.35,0.8282511696339462,13.694524999999997,25.0846
Non-Elite Percentage (%),SemanticFusionCrossover,StylisticMutator,0.0,0.00018267179110955002,True,40.204,55.32000000000001,-15.116000000000007,-0.8451542547285166,-18.78805,-11.877924999999994
Non-Elite Percentage (%),SemanticFusionCrossover,TypographicalErrorsOperator,36.0,0.3074894566186813,False,40.204,41.875,-1.6709999999999994,-0.23664319132398465,-4.333350000000006,0.9505000000000021
Non-Elite Percentage (%),SemanticSimilarityCrossover,StylisticMutator,0.0,0.00018267179110955002,True,20.854,55.32000000000001,-34.46600000000001,-0.8451542547285166,-40.0339,-27.94157500000001
Non-Elite Percentage (%),SemanticSimilarityCrossover,TypographicalErrorsOperator,0.0,0.00018267179110955002,True,20.854,41.875,-21.021,-0.8451542547285166,-26.076825000000003,-16.0004
Non-Elite Percentage (%),StylisticMutator,TypographicalErrorsOperator,99.5,0.00021101981687501444,True,55.32000000000001,41.875,13.445000000000007,0.8367027121812314,10.279300000000001,16.629350000000006
Mean Delta Score,ConceptAdditionOperator,InformedEvolutionOperator,100.0,0.00016972960866145,True,-0.05900000000000001,-0.177,0.11799999999999998,0.8451542547285166,0.09097499999999999,0.14500000000000002
Mean Delta Score,ConceptAdditionOperator,LLMBackTranslation_HI,74.5,0.062018068419752076,False,-0.05900000000000001,-0.079,0.01999999999999999,0.4141255848169731,-0.0010000000000000148,0.047
Mean Delta Score,ConceptAdditionOperator,LLMBasedParaphrasing,66.5,0.21851671651477267,False,-0.05900000000000001,-0.074,0.014999999999999986,0.2789009040604105,-0.011999999999999997,0.04400000000000001
Mean Delta Score,ConceptAdditionOperator,LLM_POSAwareSynonymReplacement,54.0,0.7864991159113965,False,-0.05900000000000001,-0.06000000000000001,0.0010000000000000009,0.06761234037828132,-0.01999999999999999,0.020999999999999998
Mean Delta Score,ConceptAdditionOperator,MLM,47.0,0.8462306468195789,False,-0.05900000000000001,-0.05700000000000001,-0.0020000000000000018,-0.050709255283710994,-0.023999999999999987,0.020000000000000018
Mean Delta Score,ConceptAdditionOperator,NegationOperator,66.0,0.2361452992298887,False,-0.05900000000000001,-0.072,0.012999999999999984,0.27044936151312526,-0.01200000000000001,0.036000000000000004
Mean Delta Score,ConceptAdditionOperator,POSAwareAntonymReplacement,57.0,0.6124139674865812,False,-0.05900000000000001,-0.06200000000000001,0.0030000000000000027,0.11832159566199232,-0.017999999999999988,0.02399999999999998
Mean Delta Score,ConceptAdditionOperator,SemanticFusionCrossover,52.5,0.8788305034124778,False,-0.05900000000000001,-0.06100000000000001,0.0020000000000000018,0.04225771273642583,-0.02102500000000001,0.02599999999999999
Mean Delta Score,ConceptAdditionOperator,SemanticSimilarityCrossover,50.0,1.0,False,-0.05900000000000001,-0.06000000000000001,0.0010000000000000009,0.0,-0.02899999999999999,0.03
Mean Delta Score,ConceptAdditionOperator,StylisticMutator,62.5,0.35812874339351886,False,-0.05900000000000001,-0.069,0.009999999999999995,0.21128856368212914,-0.010999999999999996,0.032
Mean Delta Score,ConceptAdditionOperator,TypographicalErrorsOperator,63.5,0.3080172456181022,False,-0.05900000000000001,-0.068,0.008999999999999994,0.2281916487766995,-0.009999999999999981,0.02902499999999999
Mean Delta Score,InformedEvolutionOperator,LLMBackTranslation_HI,3.5,0.00044966277206457035,True,-0.177,-0.079,-0.09799999999999999,-0.7859934568975204,-0.128,-0.06699999999999998
Mean Delta Score,InformedEvolutionOperator,LLMBasedParaphrasing,5.0,0.000710252516371389,True,-0.177,-0.074,-0.103,-0.760638829255665,-0.13399999999999998,-0.069975
Mean Delta Score,InformedEvolutionOperator,LLM_POSAwareSynonymReplacement,0.0,0.00016972960866145,True,-0.177,-0.06000000000000001,-0.11699999999999998,-0.8451542547285166,-0.14600000000000002,-0.09099999999999996
Mean Delta Score,InformedEvolutionOperator,MLM,0.0,0.00017462420855219273,True,-0.177,-0.05700000000000001,-0.11999999999999998,-0.8451542547285166,-0.14800000000000002,-0.09299999999999999
Mean Delta Score,InformedEvolutionOperator,NegationOperator,2.0,0.0003180347981768739,True,-0.177,-0.072,-0.105,-0.8113480845393759,-0.133,-0.073975
Mean Delta Score,InformedEvolutionOperator,POSAwareAntonymReplacement,0.0,0.00016684208918172868,True,-0.177,-0.06200000000000001,-0.11499999999999998,-0.8451542547285166,-0.14100000000000001,-0.08800000000000001
Mean Delta Score,InformedEvolutionOperator,SemanticFusionCrossover,0.0,0.00017861448837368167,True,-0.177,-0.06100000000000001,-0.11599999999999998,-0.8451542547285166,-0.146,-0.08799999999999998
Mean Delta Score,InformedEvolutionOperator,SemanticSimilarityCrossover,3.5,0.0004942972827103468,True,-0.177,-0.06000000000000001,-0.11699999999999998,-0.7859934568975204,-0.14900000000000002,-0.08099999999999997
Mean Delta Score,InformedEvolutionOperator,StylisticMutator,1.0,0.00023312740694000675,True,-0.177,-0.069,-0.10799999999999998,-0.8282511696339462,-0.137,-0.07899999999999997
Mean Delta Score,InformedEvolutionOperator,TypographicalErrorsOperator,1.0,0.00022433042009360488,True,-0.177,-0.068,-0.10899999999999999,-0.8282511696339462,-0.139,-0.08099999999999997
Mean Delta Score,LLMBackTranslation_HI,LLMBasedParaphrasing,44.5,0.6910616369549636,False,-0.079,-0.074,-0.0050000000000000044,-0.09296696802013682,-0.033,0.02600000000000001
Mean Delta Score,LLMBackTranslation_HI,LLM_POSAwareSynonymReplacement,24.5,0.05396314318079353,False,-0.079,-0.06000000000000001,-0.01899999999999999,-0.4310286699115435,-0.044024999999999995,0.0030000000000000027
Mean Delta Score,LLMBackTranslation_HI,MLM,20.5,0.025673401439886792,False,-0.079,-0.05700000000000001,-0.021999999999999992,-0.49864101028982477,-0.04599999999999997,0.0029999999999999892
Mean Delta Score,LLMBackTranslation_HI,NegationOperator,42.0,0.5605527820201044,False,-0.079,-0.072,-0.007000000000000006,-0.13522468075656263,-0.03399999999999999,0.017999999999999988
Mean Delta Score,LLMBackTranslation_HI,POSAwareAntonymReplacement,25.5,0.06326534176897035,False,-0.079,-0.06200000000000001,-0.016999999999999987,-0.4141255848169731,-0.04002499999999999,0.004999999999999977
Mean Delta Score,LLMBackTranslation_HI,SemanticFusionCrossover,33.0,0.20499237333544562,False,-0.079,-0.06100000000000001,-0.017999999999999988,-0.28735244660769566,-0.043,0.005024999999999968
Mean Delta Score,LLMBackTranslation_HI,SemanticSimilarityCrossover,27.5,0.0899092838340404,False,-0.079,-0.06000000000000001,-0.01899999999999999,-0.3803194146278325,-0.05,0.014025000000000003
Mean Delta Score,LLMBackTranslation_HI,StylisticMutator,36.5,0.3162910478407833,False,-0.079,-0.069,-0.009999999999999995,-0.2281916487766995,-0.034025,0.016
Mean Delta Score,LLMBackTranslation_HI,TypographicalErrorsOperator,34.5,0.23912626509491264,False,-0.079,-0.068,-0.010999999999999996,-0.2619978189658401,-0.03499999999999999,0.012999999999999984
Mean Delta Score,LLMBasedParaphrasing,LLM_POSAwareSynonymReplacement,32.5,0.19004365845808713,False,-0.074,-0.06000000000000001,-0.013999999999999985,-0.2958039891549808,-0.044,0.01100000000000001
Mean Delta Score,LLMBasedParaphrasing,MLM,30.5,0.1462951887824052,False,-0.074,-0.05700000000000001,-0.016999999999999987,-0.32961015934412147,-0.047,0.00899999999999998
Mean Delta Score,LLMBasedParaphrasing,NegationOperator,48.5,0.9383387939001957,False,-0.074,-0.072,-0.0020000000000000018,-0.025354627641855497,-0.034025000000000014,0.026000000000000002
Mean Delta Score,LLMBasedParaphrasing,POSAwareAntonymReplacement,33.5,0.21743973715074372,False,-0.074,-0.06200000000000001,-0.011999999999999983,-0.2789009040604105,-0.04005,0.011999999999999997
Mean Delta Score,LLMBasedParaphrasing,SemanticFusionCrossover,40.5,0.49036094828633425,False,-0.074,-0.06100000000000001,-0.012999999999999984,-0.16057930839841814,-0.045,0.013999999999999999
Mean Delta Score,LLMBasedParaphrasing,SemanticSimilarityCrossover,34.0,0.2359651598593634,False,-0.074,-0.06000000000000001,-0.013999999999999985,-0.27044936151312526,-0.04800000000000001,0.021999999999999978
Mean Delta Score,LLMBasedParaphrasing,StylisticMutator,44.5,0.7008104396110604,False,-0.074,-0.069,-0.0049999999999999906,-0.09296696802013682,-0.03599999999999999,0.021999999999999992
Mean Delta Score,LLMBasedParaphrasing,TypographicalErrorsOperator,41.5,0.5364870595203008,False,-0.074,-0.068,-0.0059999999999999915,-0.14367622330384783,-0.03699999999999999,0.020024999999999994
Mean Delta Score,LLM_POSAwareSynonymReplacement,MLM,42.5,0.5878649959046842,False,-0.06000000000000001,-0.05700000000000001,-0.0030000000000000027,-0.1267731382092775,-0.022000000000000006,0.017999999999999988
Mean Delta Score,LLM_POSAwareSynonymReplacement,NegationOperator,65.5,0.245712539686612,False,-0.06000000000000001,-0.072,0.011999999999999983,0.2619978189658401,-0.010999999999999982,0.035
Mean Delta Score,LLM_POSAwareSynonymReplacement,POSAwareAntonymReplacement,52.5,0.8747241376790316,False,-0.06000000000000001,-0.06200000000000001,0.0020000000000000018,0.04225771273642583,-0.017,0.02099999999999999
Mean Delta Score,LLM_POSAwareSynonymReplacement,SemanticFusionCrossover,51.5,0.9387465831858794,False,-0.06000000000000001,-0.06100000000000001,0.0010000000000000009,0.025354627641855497,-0.024000000000000007,0.022024999999999982
Mean Delta Score,LLM_POSAwareSynonymReplacement,SemanticSimilarityCrossover,49.5,1.0,False,-0.06000000000000001,-0.06000000000000001,0.0,-0.008451542547285164,-0.026000000000000016,0.027024999999999987
Mean Delta Score,LLM_POSAwareSynonymReplacement,StylisticMutator,60.5,0.4382765681068983,False,-0.06000000000000001,-0.069,0.008999999999999994,0.17748239349298847,-0.01299999999999997,0.031
Mean Delta Score,LLM_POSAwareSynonymReplacement,TypographicalErrorsOperator,60.5,0.43700522328063085,False,-0.06000000000000001,-0.068,0.007999999999999993,0.17748239349298847,-0.012999999999999984,0.028999999999999998
Mean Delta Score,MLM,NegationOperator,69.0,0.15705177008542495,False,-0.05700000000000001,-0.072,0.014999999999999986,0.32115861679683627,-0.0060250000000000165,0.037000000000000005
Mean Delta Score,MLM,POSAwareAntonymReplacement,61.5,0.39180485461850956,False,-0.05700000000000001,-0.06200000000000001,0.0050000000000000044,0.1943854785875588,-0.01399999999999997,0.023999999999999994
Mean Delta Score,MLM,SemanticFusionCrossover,54.5,0.7599942807326494,False,-0.05700000000000001,-0.06100000000000001,0.0040000000000000036,0.07606388292556648,-0.019025000000000014,0.026024999999999986
Mean Delta Score,MLM,SemanticSimilarityCrossover,54.0,0.7888404914472805,False,-0.05700000000000001,-0.06000000000000001,0.0030000000000000027,0.06761234037828132,-0.024025000000000005,0.03299999999999999
Mean Delta Score,MLM,StylisticMutator,66.0,0.23397631172644162,False,-0.05700000000000001,-0.069,0.011999999999999997,0.27044936151312526,-0.010999999999999996,0.033
Mean Delta Score,MLM,TypographicalErrorsOperator,68.5,0.16229233369424678,False,-0.05700000000000001,-0.068,0.010999999999999996,0.31270707424955113,-0.010999999999999996,0.030999999999999986
Mean Delta Score,NegationOperator,POSAwareAntonymReplacement,36.0,0.29576055871049334,False,-0.072,-0.06200000000000001,-0.009999999999999981,-0.23664319132398465,-0.03399999999999999,0.012999999999999984
Mean Delta Score,NegationOperator,SemanticFusionCrossover,40.0,0.4676111301854863,False,-0.072,-0.06100000000000001,-0.010999999999999982,-0.16903085094570333,-0.037025,0.013999999999999999
Mean Delta Score,NegationOperator,SemanticSimilarityCrossover,37.0,0.3410478297090864,False,-0.072,-0.06000000000000001,-0.011999999999999983,-0.2197401062294143,-0.04202499999999999,0.021024999999999967
Mean Delta Score,NegationOperator,StylisticMutator,45.5,0.7583711464140485,False,-0.072,-0.069,-0.002999999999999989,-0.07606388292556648,-0.026999999999999996,0.021999999999999992
Mean Delta Score,NegationOperator,TypographicalErrorsOperator,43.5,0.6450036737009394,False,-0.072,-0.068,-0.00399999999999999,-0.10987005311470716,-0.02500000000000001,0.02099999999999999
Mean Delta Score,POSAwareAntonymReplacement,SemanticFusionCrossover,49.0,0.9693268566632478,False,-0.06200000000000001,-0.06100000000000001,-0.0010000000000000009,-0.01690308509457033,-0.023999999999999994,0.019999999999999976
Mean Delta Score,POSAwareAntonymReplacement,SemanticSimilarityCrossover,47.5,0.8777593656694058,False,-0.06200000000000001,-0.06000000000000001,-0.0020000000000000018,-0.04225771273642583,-0.027999999999999997,0.026999999999999982
Mean Delta Score,POSAwareAntonymReplacement,StylisticMutator,58.0,0.5600860800080596,False,-0.06200000000000001,-0.069,0.006999999999999992,0.13522468075656263,-0.013999999999999985,0.028024999999999974
Mean Delta Score,POSAwareAntonymReplacement,TypographicalErrorsOperator,58.5,0.5306172225774533,False,-0.06200000000000001,-0.068,0.0059999999999999915,0.14367622330384783,-0.01402500000000001,0.026999999999999982
Mean Delta Score,SemanticFusionCrossover,SemanticSimilarityCrossover,47.0,0.8492644447820998,False,-0.06100000000000001,-0.06000000000000001,-0.0010000000000000009,-0.050709255283710994,-0.03,0.03
Mean Delta Score,SemanticFusionCrossover,StylisticMutator,58.0,0.5660404018123789,False,-0.06100000000000001,-0.069,0.007999999999999993,0.13522468075656263,-0.016999999999999987,0.031000000000000007
Mean Delta Score,SemanticFusionCrossover,TypographicalErrorsOperator,57.5,0.5930651671243912,False,-0.06100000000000001,-0.068,0.006999999999999992,0.1267731382092775,-0.01602500000000001,0.028999999999999998
Mean Delta Score,SemanticSimilarityCrossover,StylisticMutator,59.0,0.5168759665129496,False,-0.06000000000000001,-0.069,0.008999999999999994,0.15212776585113297,-0.022025000000000003,0.039999999999999994
Mean Delta Score,SemanticSimilarityCrossover,TypographicalErrorsOperator,60.0,0.4646766490611347,False,-0.06000000000000001,-0.068,0.007999999999999993,0.16903085094570333,-0.021999999999999978,0.036
Mean Delta Score,StylisticMutator,TypographicalErrorsOperator,50.0,1.0,False,-0.069,-0.068,-0.0010000000000000009,0.0,-0.02299999999999998,0.021000000000000005
Delta Score Std Dev,ConceptAdditionOperator,InformedEvolutionOperator,73.5,0.07761377132134832,False,0.13199999999999998,0.11300000000000002,0.01899999999999996,0.3972224997224028,-0.0010000000000000015,0.03899999999999995
Delta Score Std Dev,ConceptAdditionOperator,LLMBackTranslation_HI,54.5,0.758915843224701,False,0.13199999999999998,0.128,0.003999999999999976,0.07606388292556648,-0.01899999999999999,0.026999999999999996
Delta Score Std Dev,ConceptAdditionOperator,LLMBasedParaphrasing,56.5,0.6450036737009394,False,0.13199999999999998,0.128,0.003999999999999976,0.10987005311470716,-0.021025000000000044,0.028000000000000025
Delta Score Std Dev,ConceptAdditionOperator,LLM_POSAwareSynonymReplacement,65.0,0.26386605924027673,False,0.13199999999999998,0.11999999999999997,0.01200000000000001,0.253546276418555,-0.010000000000000037,0.033
Delta Score Std Dev,ConceptAdditionOperator,MLM,60.0,0.4688056976047692,False,0.13199999999999998,0.124,0.00799999999999998,0.16903085094570333,-0.013999999999999957,0.032999999999999974
Delta Score Std Dev,ConceptAdditionOperator,NegationOperator,59.0,0.5128168471420882,False,0.13199999999999998,0.125,0.0069999999999999785,0.15212776585113297,-0.014000000000000012,0.030025000000000003
Delta Score Std Dev,ConceptAdditionOperator,POSAwareAntonymReplacement,65.0,0.260676192579523,False,0.13199999999999998,0.124,0.00799999999999998,0.253546276418555,-0.017024999999999985,0.03200000000000003
Delta Score Std Dev,ConceptAdditionOperator,SemanticFusionCrossover,94.0,0.0009054531044043196,False,0.13199999999999998,0.094,0.03799999999999998,0.7437357441610946,0.021999999999999992,0.059
Delta Score Std Dev,ConceptAdditionOperator,SemanticSimilarityCrossover,88.5,0.003772464781410114,False,0.13199999999999998,0.099,0.032999999999999974,0.6507687761409577,0.013999999999999985,0.053025000000000024
Delta Score Std Dev,ConceptAdditionOperator,StylisticMutator,64.5,0.28050121235379877,False,0.13199999999999998,0.126,0.005999999999999978,0.24509473387126982,-0.02099999999999999,0.031
Delta Score Std Dev,ConceptAdditionOperator,TypographicalErrorsOperator,64.5,0.28050121235379877,False,0.13199999999999998,0.122,0.009999999999999981,0.24509473387126982,-0.015025000000000038,0.035
Delta Score Std Dev,InformedEvolutionOperator,LLMBackTranslation_HI,32.0,0.17835427314987007,False,0.11300000000000002,0.128,-0.014999999999999986,-0.30425553170226594,-0.03402500000000003,0.0030000000000000035
Delta Score Std Dev,InformedEvolutionOperator,LLMBasedParaphrasing,34.5,0.2501428325587538,False,0.11300000000000002,0.128,-0.014999999999999986,-0.2619978189658401,-0.035999999999999976,0.0040000000000000036
Delta Score Std Dev,InformedEvolutionOperator,LLM_POSAwareSynonymReplacement,40.5,0.4893522114879808,False,0.11300000000000002,0.11999999999999997,-0.006999999999999951,-0.16057930839841814,-0.02599999999999998,0.010999999999999982
Delta Score Std Dev,InformedEvolutionOperator,MLM,39.5,0.4434549579580047,False,0.11300000000000002,0.124,-0.010999999999999982,-0.17748239349298847,-0.031,0.009024999999999984
Delta Score Std Dev,InformedEvolutionOperator,NegationOperator,36.0,0.3001064857793556,False,0.11300000000000002,0.125,-0.011999999999999983,-0.23664319132398465,-0.032,0.005000000000000032
Delta Score Std Dev,InformedEvolutionOperator,POSAwareAntonymReplacement,38.0,0.3719720913107115,False,0.11300000000000002,0.124,-0.010999999999999982,-0.20283702113484398,-0.032,0.0069999999999999785
Delta Score Std Dev,InformedEvolutionOperator,SemanticFusionCrossover,81.5,0.017209292536114678,False,0.11300000000000002,0.094,0.019000000000000017,0.5324471804789654,0.006000000000000005,0.03200000000000003
Delta Score Std Dev,InformedEvolutionOperator,SemanticSimilarityCrossover,76.0,0.049247362583000664,False,0.11300000000000002,0.099,0.014000000000000012,0.4394802124588286,-0.003999999999999976,0.028999999999999998
Delta Score Std Dev,InformedEvolutionOperator,StylisticMutator,37.5,0.35382224024301456,False,0.11300000000000002,0.126,-0.012999999999999984,-0.21128856368212914,-0.038025,0.005999999999999978
Delta Score Std Dev,InformedEvolutionOperator,TypographicalErrorsOperator,40.5,0.4893522114879808,False,0.11300000000000002,0.122,-0.00899999999999998,-0.16057930839841814,-0.031025000000000025,0.00899999999999998
Delta Score Std Dev,LLMBackTranslation_HI,LLMBasedParaphrasing,52.5,0.8780415289841073,False,0.128,0.128,0.0,0.04225771273642583,-0.024999999999999994,0.023025000000000025
Delta Score Std Dev,LLMBackTranslation_HI,LLM_POSAwareSynonymReplacement,61.0,0.42045906402384314,False,0.128,0.11999999999999997,0.008000000000000035,0.18593393604027364,-0.014000000000000012,0.029000000000000026
Delta Score Std Dev,LLMBackTranslation_HI,MLM,56.0,0.6749215196538088,False,0.128,0.124,0.0040000000000000036,0.10141851056742199,-0.016999999999999987,0.026000000000000023
Delta Score Std Dev,LLMBackTranslation_HI,NegationOperator,55.0,0.7297924088693237,False,0.128,0.125,0.0030000000000000027,0.08451542547285167,-0.022999999999999993,0.023999999999999966
Delta Score Std Dev,LLMBackTranslation_HI,POSAwareAntonymReplacement,59.0,0.5118274817842229,False,0.128,0.124,0.0040000000000000036,0.15212776585113297,-0.01902499999999999,0.02699999999999997
Delta Score Std Dev,LLMBackTranslation_HI,SemanticFusionCrossover,91.5,0.0017548905674604663,False,0.128,0.094,0.034,0.7014780314246688,0.017999999999999988,0.05200000000000002
Delta Score Std Dev,LLMBackTranslation_HI,SemanticSimilarityCrossover,85.5,0.007471221904532643,False,0.128,0.099,0.028999999999999998,0.6000595208572468,0.009999999999999981,0.05000000000000002
Delta Score Std Dev,LLMBackTranslation_HI,StylisticMutator,59.0,0.5133093000984239,False,0.128,0.126,0.0020000000000000018,0.15212776585113297,-0.024999999999999967,0.024999999999999994
Delta Score Std Dev,LLMBackTranslation_HI,TypographicalErrorsOperator,60.0,0.46606352263783657,False,0.128,0.122,0.006000000000000005,0.16903085094570333,-0.01802500000000004,0.02899999999999997
Delta Score Std Dev,LLMBasedParaphrasing,LLM_POSAwareSynonymReplacement,58.5,0.5376032363488861,False,0.128,0.11999999999999997,0.008000000000000035,0.14367622330384783,-0.014000000000000012,0.035
Delta Score Std Dev,LLMBasedParaphrasing,MLM,54.5,0.7594568743593572,False,0.128,0.124,0.0040000000000000036,0.07606388292556648,-0.01899999999999999,0.027999999999999997
Delta Score Std Dev,LLMBasedParaphrasing,NegationOperator,52.0,0.9082681699712226,False,0.128,0.125,0.0030000000000000027,0.03380617018914066,-0.02200000000000002,0.02699999999999997
Delta Score Std Dev,LLMBasedParaphrasing,POSAwareAntonymReplacement,57.5,0.5902005676200953,False,0.128,0.124,0.0040000000000000036,0.1267731382092775,-0.02100000000000002,0.029000000000000026
Delta Score Std Dev,LLMBasedParaphrasing,SemanticFusionCrossover,89.5,0.0028642281986029894,False,0.128,0.094,0.034,0.6676718612355281,0.016000000000000014,0.055999999999999966
Delta Score Std Dev,LLMBasedParaphrasing,SemanticSimilarityCrossover,84.0,0.010454263703050847,False,0.128,0.099,0.028999999999999998,0.5747048932153913,0.00899999999999998,0.05299999999999999
Delta Score Std Dev,LLMBasedParaphrasing,StylisticMutator,57.0,0.6122717849588768,False,0.128,0.126,0.0020000000000000018,0.11832159566199232,-0.02699999999999997,0.02799999999999997
Delta Score Std Dev,LLMBasedParaphrasing,TypographicalErrorsOperator,58.5,0.5376032363488861,False,0.128,0.122,0.006000000000000005,0.14367622330384783,-0.01899999999999999,0.033
Delta Score Std Dev,LLM_POSAwareSynonymReplacement,MLM,49.5,1.0,False,0.11999999999999997,0.124,-0.004000000000000031,-0.008451542547285164,-0.02502500000000002,0.01999999999999999
Delta Score Std Dev,LLM_POSAwareSynonymReplacement,NegationOperator,43.0,0.6164706141354184,False,0.11999999999999997,0.125,-0.005000000000000032,-0.11832159566199232,-0.025999999999999968,0.015999999999999986
Delta Score Std Dev,LLM_POSAwareSynonymReplacement,POSAwareAntonymReplacement,50.0,1.0,False,0.11999999999999997,0.124,-0.004000000000000031,0.0,-0.02999999999999997,0.018000000000000016
Delta Score Std Dev,LLM_POSAwareSynonymReplacement,SemanticFusionCrossover,84.0,0.010336166061157876,False,0.11999999999999997,0.094,0.025999999999999968,0.5747048932153913,0.010000000000000009,0.04499999999999996
Delta Score Std Dev,LLM_POSAwareSynonymReplacement,SemanticSimilarityCrossover,79.5,0.02677447064400471,False,0.11999999999999997,0.099,0.020999999999999963,0.49864101028982477,0.0029749999999999777,0.04000000000000001
Delta Score Std Dev,LLM_POSAwareSynonymReplacement,StylisticMutator,49.5,1.0,False,0.11999999999999997,0.126,-0.006000000000000033,-0.008451542547285164,-0.032,0.016000000000000014
Delta Score Std Dev,LLM_POSAwareSynonymReplacement,TypographicalErrorsOperator,49.5,1.0,False,0.11999999999999997,0.122,-0.0020000000000000295,-0.008451542547285164,-0.026000000000000023,0.02100000000000002
Delta Score Std Dev,MLM,NegationOperator,47.0,0.8488093753831154,False,0.124,0.125,-0.0010000000000000009,-0.050709255283710994,-0.023025000000000018,0.022999999999999937
Delta Score Std Dev,MLM,POSAwareAntonymReplacement,49.0,0.9693863292168167,False,0.124,0.124,0.0,-0.01690308509457033,-0.026000000000000023,0.021999999999999964
Delta Score Std Dev,MLM,SemanticFusionCrossover,85.0,0.00836771027271855,False,0.124,0.094,0.03,0.5916079783099616,0.013000000000000012,0.04802500000000002
Delta Score Std Dev,MLM,SemanticSimilarityCrossover,81.0,0.019416589726964237,False,0.124,0.099,0.024999999999999994,0.5239956379316802,0.0040000000000000036,0.045999999999999985
Delta Score Std Dev,MLM,StylisticMutator,48.0,0.9080903901432327,False,0.124,0.126,-0.0020000000000000018,-0.03380617018914066,-0.028999999999999998,0.021999999999999992
Delta Score Std Dev,MLM,TypographicalErrorsOperator,50.5,1.0,False,0.124,0.122,0.0020000000000000018,0.008451542547285164,-0.024999999999999967,0.024999999999999994
Delta Score Std Dev,NegationOperator,POSAwareAntonymReplacement,55.5,0.6982331251947853,False,0.125,0.124,0.0010000000000000009,0.09296696802013682,-0.02402500000000002,0.02300000000000002
Delta Score Std Dev,NegationOperator,SemanticFusionCrossover,88.5,0.0036668380550026023,False,0.125,0.094,0.031,0.6507687761409577,0.015000000000000013,0.05000000000000002
Delta Score Std Dev,NegationOperator,SemanticSimilarityCrossover,82.5,0.014529195921480692,False,0.125,0.099,0.025999999999999995,0.5493502655735357,0.006000000000000005,0.045025000000000016
Delta Score Std Dev,NegationOperator,StylisticMutator,55.5,0.6999214804172873,False,0.125,0.126,-0.0010000000000000009,0.09296696802013682,-0.027024999999999993,0.02300000000000002
Delta Score Std Dev,NegationOperator,TypographicalErrorsOperator,56.0,0.6717091525854562,False,0.125,0.122,0.0030000000000000027,0.10141851056742199,-0.020000000000000046,0.027000000000000024
Delta Score Std Dev,POSAwareAntonymReplacement,SemanticFusionCrossover,89.0,0.0031024861411868103,False,0.124,0.094,0.03,0.6592203186882429,0.013999999999999985,0.04902500000000002
Delta Score Std Dev,POSAwareAntonymReplacement,SemanticSimilarityCrossover,85.0,0.008119643135581585,False,0.124,0.099,0.024999999999999994,0.5916079783099616,0.004999999999999977,0.04799999999999999
Delta Score Std Dev,POSAwareAntonymReplacement,StylisticMutator,49.0,0.9689625932912929,False,0.124,0.126,-0.0020000000000000018,-0.01690308509457033,-0.03102499999999997,0.023999999999999994
Delta Score Std Dev,POSAwareAntonymReplacement,TypographicalErrorsOperator,49.5,1.0,False,0.124,0.122,0.0020000000000000018,-0.008451542547285164,-0.022025000000000017,0.027000000000000024
Delta Score Std Dev,SemanticFusionCrossover,SemanticSimilarityCrossover,44.0,0.6685241388865245,False,0.094,0.099,-0.0050000000000000044,-0.10141851056742199,-0.020000000000000018,0.008000000000000007
Delta Score Std Dev,SemanticFusionCrossover,StylisticMutator,10.0,0.002459012742177043,False,0.094,0.126,-0.032,-0.6761234037828133,-0.057999999999999996,-0.01497500000000001
Delta Score Std Dev,SemanticFusionCrossover,TypographicalErrorsOperator,16.0,0.010336166061157876,False,0.094,0.122,-0.027999999999999997,-0.5747048932153913,-0.048000000000000015,-0.009999999999999981
Delta Score Std Dev,SemanticSimilarityCrossover,StylisticMutator,13.5,0.0057800290643359896,False,0.099,0.126,-0.026999999999999996,-0.6169626059518171,-0.05002500000000004,-0.006000000000000005
Delta Score Std Dev,SemanticSimilarityCrossover,TypographicalErrorsOperator,20.5,0.02677447064400471,False,0.099,0.122,-0.022999999999999993,-0.49864101028982477,-0.04400000000000001,-0.0010000000000000009
Delta Score Std Dev,StylisticMutator,TypographicalErrorsOperator,50.5,1.0,False,0.126,0.122,0.0040000000000000036,0.008451542547285164,-0.021999999999999992,0.031
