doc_id,topic_num,umap_dim1,umap_dim2
0,232,0.22971319,8.893408
1,238,1.1373208,9.356538
2,80,-2.8185444,6.4746013
3,80,-2.8219075,6.630915
4,80,-2.9193993,6.5995307
5,48,-2.7036865,6.683306
6,80,-2.9519973,6.553453
7,49,4.692407,1.977139
8,322,0.7308672,5.144385
9,260,1.1787652,4.2621384
10,295,1.2253941,4.7177134
11,198,0.86895645,4.0949078
12,295,1.4234295,4.710775
13,322,0.78093207,5.0563684
14,291,1.0194068,4.6552157
15,295,1.6367741,4.931003
16,244,4.101528,9.32704
17,45,-2.7671068,6.348249
18,45,-3.0664814,6.5128117
19,45,-3.1035228,6.58587
20,45,-3.0838306,6.5625215
21,55,-3.2669785,6.2821465
22,55,-3.3314116,6.2106924
23,55,-3.2972372,6.252804
24,55,-3.25386,6.287023
25,45,-3.162873,6.682966
26,73,-3.180289,6.749366
27,73,-3.2466671,6.7641234
28,73,-3.20266,6.718336
29,73,-3.2599397,6.7643085
30,56,-3.625833,5.9224772
31,56,-3.642663,5.9137173
32,56,-3.6105692,5.938246
33,5,-2.75816,6.263656
34,298,-3.1647856,6.1027565
35,143,2.8320463,8.866115
36,89,-2.093222,6.002349
37,307,-2.0747652,6.0234675
38,143,3.023286,9.258892
39,112,4.312025,4.0045424
40,321,2.8008962,5.811325
41,0,0.1266452,3.163874
42,250,4.9359336,5.7200847
43,119,8.045564,3.9265187
44,116,3.7574914,5.3641334
45,327,-3.525849,6.03561
46,4,0.55918074,-1.2041467
47,60,-0.66544074,4.196126
48,166,-0.70814633,4.0300875
49,114,0.5144322,9.182139
50,115,0.73715234,9.114831
51,115,1.8333871,6.359287
52,238,1.1010022,9.348289
53,326,0.9346117,9.190071
54,115,0.5591703,9.097724
55,115,0.77587426,9.065462
56,326,0.92049783,9.0646925
57,326,1.022284,9.157549
58,269,1.2494419,11.346117
59,167,1.3904493,9.375001
60,118,1.2596242,9.679178
61,123,2.6044738,5.2411413
62,118,1.2699134,9.58988
63,118,1.2690096,9.712662
64,157,1.2343695,11.370465
65,118,1.3474963,9.75071
66,167,1.2954254,9.327447
67,118,1.1802049,10.537054
68,16,1.55843,6.2127466
69,238,1.140604,9.336521
70,48,-2.5378945,6.7001753
71,127,2.4636374,10.890514
72,238,1.1626273,9.366857
73,139,3.2830586,5.633864
74,238,1.2656919,9.411129
75,323,0.7059722,10.540671
76,20,3.6252604,12.006494
77,7,4.7318935,10.991596
78,233,4.303211,11.790933
79,136,3.457696,11.389808
80,66,3.565266,11.34798
81,261,3.766472,11.486978
82,121,4.5264797,11.706898
83,16,3.6030316,11.166212
84,120,3.2317736,11.325948
85,318,4.0525317,10.439447
86,13,0.24958779,6.2460146
87,15,3.8488495,10.266635
88,15,1.6383488,8.987723
89,15,1.7546976,8.98145
90,167,1.494792,9.322505
91,167,1.3766018,9.290748
92,167,1.6043667,9.106122
93,18,4.1263533,10.24354
94,204,3.7459736,10.523519
95,167,1.380253,9.236265
96,48,-2.7808933,6.6567197
97,80,-2.9214282,6.5908694
98,80,-2.9308832,6.534305
99,42,4.576119,1.7976469
100,42,4.6582966,1.797847
101,42,4.591797,1.781202
102,42,4.5387926,1.8003464
103,42,4.6066923,1.8129499
104,42,4.6013346,1.7770163
105,42,4.5991507,1.8024423
106,49,4.683208,2.0102625
107,49,4.6786313,1.9110043
108,49,4.706985,2.0006933
109,49,4.7273474,2.0343342
110,49,4.7003913,1.9121826
111,49,4.7129455,1.854076
112,49,4.6663895,2.0210137
113,49,4.734053,1.9065441
114,205,4.730921,1.6337353
115,319,4.6968756,1.6632081
116,42,4.5911627,1.7474211
117,319,4.6980686,1.6288131
118,205,4.692614,1.5820453
119,319,4.688606,1.6734313
120,205,4.7116437,1.578573
121,205,4.718103,1.632257
122,205,4.7399635,1.6336849
123,205,4.711211,1.6491206
124,48,-2.71886,6.6685824
125,48,-2.6641204,6.758201
126,48,-2.7328742,6.681429
127,48,-2.7561302,6.649808
128,48,-2.6897342,6.699993
129,80,-2.8157954,6.5563107
130,134,1.1115121,4.5855827
131,198,0.6345363,3.8957398
132,291,1.0418992,4.780281
133,260,1.1330396,4.4140496
134,208,-1.7674923,9.20258
135,64,1.2222335,5.246813
136,282,0.85334677,5.1108646
137,134,1.0298152,4.613032
138,291,1.0307162,4.7604933
139,0,0.23112524,3.2437809
140,64,1.0884613,5.132657
141,134,1.0083213,4.627617
142,198,0.93290657,4.0742626
143,16,1.8531333,6.028181
144,18,4.248453,10.168467
145,16,1.8934549,5.9343996
146,64,1.1042144,5.1981196
147,64,1.2029207,5.281129
148,134,1.0411905,4.6974034
149,198,0.7570717,4.143783
150,64,1.2647123,5.44774
151,64,1.3683852,5.4228063
152,282,0.79731125,5.0469737
153,134,0.9626069,4.648794
154,198,1.0311289,4.0089936
155,291,1.0345484,4.75863
156,209,3.3474696,13.106833
157,24,4.090437,12.663366
158,66,4.11328,12.41937
159,210,4.531416,10.90373
160,59,3.9533417,12.090771
161,120,3.2437832,11.196312
162,66,3.9471145,12.149753
163,120,3.4183044,11.550385
164,244,3.6953354,10.705839
165,255,4.097456,12.447527
166,59,4.1670365,12.218278
167,255,4.1921616,12.187907
168,59,4.1916304,12.228412
169,121,4.443587,11.848741
170,59,4.1622343,12.156792
171,212,4.088553,12.290763
172,59,4.1467915,12.152525
173,255,4.195887,12.062159
174,59,4.082504,12.205275
175,20,3.3444152,11.928369
176,270,3.5781488,12.05726
177,66,3.907041,12.188853
178,59,4.1660247,12.252906
179,66,3.8824506,12.16729
180,66,3.9340787,12.294462
181,270,3.6809952,12.13254
182,66,3.8544495,12.205437
183,66,4.0362787,12.407191
184,24,4.45349,12.788197
185,24,4.323005,12.691657
186,24,4.398385,12.7060995
187,24,4.4534125,12.7665825
188,24,4.4484897,12.740376
189,24,4.4109983,12.722378
190,24,4.4605107,12.780104
191,24,4.418434,12.724496
192,24,4.3967547,12.726133
193,24,4.4142222,12.733952
194,212,3.8695564,12.46345
195,212,3.9867005,12.215564
196,306,4.0442348,12.440948
197,270,3.6488783,12.099691
198,306,3.9958909,12.435684
199,212,3.980398,12.3255825
200,306,4.036125,12.407867
201,59,4.173809,12.438623
202,212,3.9843936,12.393435
203,133,1.2537799,6.60388
204,133,1.1861825,6.635942
205,133,1.2452279,6.587794
206,133,1.4164588,6.381058
207,133,1.237805,6.5579133
208,329,1.4386401,6.654145
209,133,1.1982211,6.6623425
210,14,1.2094285,6.6251574
211,133,1.249337,6.5694656
212,14,1.2782995,6.677898
213,275,1.8834957,5.8108406
214,64,1.4222736,6.0015545
215,64,1.2834643,6.0485387
216,14,1.2998502,6.6683183
217,136,1.3211099,6.8065014
218,14,1.2683699,6.665007
219,64,1.3306383,6.526479
220,14,1.2171668,6.648334
221,14,1.2388613,6.627418
222,14,1.2342246,6.619672
223,14,1.2796324,6.4346857
224,14,1.2638226,6.5671453
225,329,1.3652008,6.6371646
226,14,1.208511,6.6319265
227,14,1.2425003,6.636934
228,14,1.2661116,6.5711937
229,269,1.2409923,11.293609
230,120,3.6108289,11.864988
231,181,1.4187037,11.016809
232,118,1.216232,9.851345
233,181,1.4421544,11.01771
234,120,3.3992252,11.416635
235,181,1.416685,11.006706
236,181,1.5381352,11.216681
237,183,1.6034591,10.239635
238,269,1.2088697,11.377218
239,269,1.2418025,11.416824
240,352,1.2965468,11.123374
241,181,1.4145871,11.137464
242,157,1.232385,11.279454
243,184,2.900769,12.95006
244,157,1.21343,11.24929
245,352,1.2931564,11.161751
246,157,1.1957057,11.349547
247,352,1.2256204,10.84552
248,157,1.198196,11.299404
249,18,4.2350597,10.025943
250,153,3.6683307,8.773749
251,318,3.9858406,10.401806
252,37,3.6535757,9.565452
253,154,3.9669423,9.550776
254,37,3.6600611,9.553286
255,32,4.312942,9.522442
256,155,1.5498366,9.02356
257,37,3.6998823,9.515191
258,37,3.5387259,9.516311
259,39,3.9616067,11.294237
260,257,2.3748355,1.8552111
261,256,0.35034868,6.272621
262,15,1.7967339,8.85005
263,256,0.41596302,6.2632284
264,15,1.8004204,8.807173
265,15,1.7957528,8.645415
266,15,1.841989,8.978267
267,256,0.42740548,6.3283877
268,256,0.38637397,6.3467426
269,41,3.1850705,8.237259
270,283,3.290081,8.352487
271,41,3.409628,8.194452
272,41,3.3096955,8.302304
273,41,3.3730223,8.249487
274,41,3.4012156,8.226101
275,189,3.306631,8.091567
276,41,3.265152,8.296998
277,41,3.3771598,8.197443
278,283,3.2991261,8.358202
279,32,4.333207,9.492717
280,154,4.212973,9.513058
281,32,4.471663,9.467174
282,32,4.3965163,9.531645
283,285,0.57567877,3.520744
284,32,4.6092973,9.420534
285,32,4.378379,9.624681
286,32,4.426072,9.448512
287,141,3.796065,8.691451
288,153,3.599026,8.73522
289,141,2.0618758,6.2595625
290,141,3.7524047,8.665545
291,153,3.7088878,8.816598
292,141,3.7013776,8.735619
293,141,3.7442281,8.74609
294,286,2.6908891,7.0065236
295,141,3.7537138,8.706157
296,153,3.5864189,8.807984
297,18,4.060892,9.954772
298,18,4.2461295,10.0147705
299,18,4.209499,10.070747
300,18,4.1408663,9.964176
301,18,4.2373543,10.078796
302,18,4.2181044,10.026678
303,18,4.1860313,10.151004
304,18,4.3035717,10.316681
305,18,4.2407794,10.114042
306,18,4.231501,10.131041
307,7,4.7218447,10.930592
308,7,4.744582,10.903422
309,7,4.757571,10.927103
310,7,4.705889,10.8852825
311,7,4.7354484,10.924632
312,7,4.745905,10.916598
313,7,4.7560453,10.92665
314,7,4.710588,10.889457
315,7,4.7477098,10.892934
316,7,4.7272325,10.895631
317,16,2.1590786,6.5003853
318,17,2.5540848,7.2640605
319,148,4.1652284,9.212494
320,17,2.497824,7.2206054
321,148,4.02543,8.998652
322,274,0.7431655,10.291001
323,17,2.546444,7.2914267
324,17,2.639705,7.1292624
325,17,2.4364522,7.0551825
326,307,-2.1480474,6.0685406
327,66,4.048304,12.21169
328,244,4.082631,9.245075
329,154,3.997491,9.550092
330,7,4.25914,9.8831
331,32,4.252964,9.517497
332,32,4.4742975,9.392514
333,32,4.4159675,9.474738
334,69,4.825705,9.33672
335,155,1.4402343,9.040397
336,147,3.9750857,9.333453
337,155,1.4912184,9.029975
338,148,3.9587126,9.318745
339,155,1.5962007,8.963676
340,69,4.9365063,9.400557
341,155,1.4555175,9.095813
342,154,4.186092,9.57104
343,155,1.5702587,9.028397
344,45,-3.013245,6.5642123
345,45,-3.0340307,6.5358076
346,45,-3.0357232,6.5673056
347,55,-3.3440619,6.2014556
348,55,-3.3055377,6.2370353
349,55,-3.340403,6.213808
350,55,-3.337743,6.206238
351,73,-3.2104902,6.7207417
352,73,-3.2035916,6.72026
353,73,-3.1652248,6.677927
354,56,-3.5985985,5.935374
355,56,-3.626636,5.917393
356,56,-3.6477816,5.90979
357,56,-3.5770972,5.9324965
358,253,3.820152,4.3724174
359,298,-3.1338167,6.134484
360,136,3.4311275,11.426637
361,347,3.6248107,4.8372436
362,307,-2.1085265,6.0495667
363,16,1.9767936,5.9679956
364,28,2.5410793,5.974409
365,111,3.8213224,11.098256
366,111,3.8002362,11.135726
367,280,3.218315,5.9832764
368,280,3.2348256,6.004776
369,192,3.445353,6.215179
370,28,2.5085008,5.8590913
371,28,2.5017014,6.518327
372,16,1.966911,6.006379
373,193,2.1384792,5.7155523
374,193,2.1120703,5.701454
375,193,-1.86378,5.8820715
376,111,3.770156,11.023939
377,193,2.0036356,5.8572474
378,28,2.3982935,5.7270575
379,111,3.83725,11.11704
380,275,2.4202473,5.988829
381,77,2.0472038,6.2213163
382,51,2.5325391,6.197171
383,122,0.4096639,8.828208
384,278,2.2786708,8.433326
385,34,0.57856673,10.130304
386,143,2.882343,8.765336
387,51,2.6305082,6.0351963
388,142,2.1060677,6.5459037
389,51,2.4883442,5.968212
390,16,1.9054576,6.072622
391,16,1.9171289,5.969006
392,346,-2.5170243,6.405085
393,280,3.161856,5.97907
394,16,2.0742924,5.979586
395,111,3.8519046,11.014468
396,192,3.1748056,6.1235657
397,51,2.4439268,5.997648
398,193,2.130206,5.7371163
399,16,1.9915131,5.964443
400,192,2.8580105,6.066097
401,275,2.289279,5.7359686
402,28,2.419842,5.822946
403,280,3.1487193,5.9607487
404,234,2.4390373,5.6804976
405,275,2.25574,5.8816233
406,39,3.7843342,11.814978
407,59,4.130342,12.19555
408,233,4.341645,11.758713
409,39,3.6629984,11.775158
410,210,4.2942085,11.53471
411,201,5.1918554,11.912014
412,243,5.2655854,12.005129
413,39,3.9693563,11.42914
414,183,3.1759624,12.212408
415,20,3.4366407,11.980098
416,20,3.3387103,11.9519005
417,20,3.5826209,11.971608
418,20,3.4019332,11.928706
419,270,3.4919946,11.806551
420,183,3.1447136,12.13888
421,20,3.3429885,12.006038
422,20,3.2729871,12.0359535
423,136,3.4818408,11.3403425
424,195,3.462703,11.497407
425,195,3.6039267,11.2649145
426,346,-2.6836956,6.3968945
427,195,3.433689,11.525412
428,136,3.5264635,11.365463
429,195,3.5245738,11.462947
430,7,4.6577096,10.907731
431,195,3.4879785,11.452806
432,346,-2.510145,6.361485
433,89,-2.092768,6.003471
434,89,-2.110674,6.0137634
435,89,-2.0991838,6.0185437
436,89,-2.1228478,6.030263
437,307,-2.2337923,6.099526
438,89,-2.0438797,5.95812
439,246,3.2855265,11.855315
440,20,3.2699828,11.88854
441,246,3.3073974,11.8566
442,195,3.3672514,11.692464
443,20,3.2746167,11.911602
444,20,3.238755,11.930311
445,246,3.3622055,11.809081
446,20,3.333042,11.989526
447,20,3.3271,11.8806505
448,246,3.2959082,11.861646
449,41,3.423225,8.270185
450,41,3.4324172,8.155735
451,247,3.451812,8.319165
452,247,3.4460392,8.187125
453,283,3.3146622,8.31563
454,248,2.9463336,9.233335
455,94,3.4753325,9.100961
456,11,4.5709524,8.162406
457,153,3.67423,8.816774
458,76,2.7730324,9.989355
459,204,3.2297454,10.005674
460,76,2.759122,9.966121
461,204,3.4045331,10.227541
462,247,3.4778862,8.278674
463,11,4.57807,8.150379
464,204,3.0956075,10.0597
465,18,4.369663,9.901938
466,204,3.0044181,9.916614
467,204,3.074935,10.070365
468,76,2.824581,9.971542
469,76,2.625784,10.013553
470,353,2.5830626,9.806799
471,76,2.7048557,9.894569
472,10,2.3181515,10.066234
473,76,2.7932663,9.907276
474,10,2.6870942,9.999062
475,76,2.8578908,9.889861
476,76,2.8752184,9.752158
477,76,2.7471426,9.952508
478,189,3.3682444,9.075525
479,283,3.1531966,8.224312
480,344,3.4363916,9.830179
481,153,3.4865546,8.738191
482,37,3.5281932,9.381711
483,35,3.0174487,8.07598
484,11,4.593908,8.126406
485,267,0.1385444,12.278227
486,37,3.558853,9.148885
487,248,3.0024993,9.431685
488,102,3.3798692,9.858214
489,102,3.27879,9.883075
490,344,3.2784204,9.613958
491,102,2.9786687,10.012343
492,102,3.2776914,9.91975
493,102,3.2960935,9.913958
494,102,3.245087,9.942373
495,102,3.3160799,9.900459
496,102,3.325138,9.892537
497,39,3.718067,10.302406
498,266,0.445736,3.788804
499,150,0.4315239,3.8527331
500,150,0.4736044,3.8513525
501,284,0.06637133,4.1215568
502,266,0.30454427,3.8219852
503,53,0.2495973,4.003153
504,266,0.25521892,3.8683763
505,53,0.20879762,3.8394704
506,53,0.16313441,3.949527
507,53,0.18017875,3.9857523
508,284,0.13350378,4.009645
509,284,-0.03373022,4.0908017
510,0,0.12736447,3.408223
511,53,0.226759,3.7954102
512,266,0.30701008,3.8176754
513,5,4.0692363,4.777627
514,254,5.064165,4.058477
515,252,4.9855404,3.9275126
516,5,4.1392,4.576926
517,251,4.966331,3.7807803
518,252,5.128016,3.828935
519,252,4.634819,4.00894
520,254,5.143753,4.0079584
521,342,4.9521756,3.8673368
522,187,4.957883,3.849813
523,251,5.053662,3.7994347
524,187,4.969711,3.852372
525,187,4.872606,3.8870041
526,187,4.974212,3.8275592
527,251,5.022922,3.7488832
528,251,5.050012,3.7833834
529,187,4.987053,3.854283
530,252,5.026123,3.9051352
531,251,5.0089717,3.8363955
532,5,4.0046406,4.29416
533,38,-0.11919807,8.797407
534,288,-1.6437825,8.0231495
535,254,5.089166,4.0133905
536,252,5.0594916,3.8862407
537,112,4.840721,3.9235444
538,288,-1.5658401,7.9943576
539,112,4.6524777,3.948812
540,112,4.760292,3.911892
541,288,-1.6404936,8.100812
542,288,-1.6319835,8.07716
543,112,4.518637,3.9436097
544,254,5.167612,3.96702
545,254,5.1741896,4.0677466
546,187,4.970889,3.829214
547,342,4.983663,3.8119347
548,342,4.9302893,3.9140487
549,112,4.876641,3.9177728
550,192,3.2952647,6.10531
551,140,2.9864366,6.349667
552,140,3.0043411,6.2243047
553,28,2.7000883,5.8188477
554,28,2.315513,5.585072
555,321,2.8251834,5.6937194
556,310,2.102564,4.803481
557,51,2.6571505,6.0049615
558,139,3.4303355,5.757505
559,123,2.7494385,5.345116
560,51,2.6657178,6.0571823
561,321,2.7767353,5.8154287
562,51,2.6790426,6.114103
563,123,2.696291,5.451135
564,51,2.725878,5.9743023
565,28,2.5182202,5.672075
566,51,2.775491,6.020567
567,123,2.6630998,5.574833
568,51,2.7163613,6.002753
569,310,2.116943,4.4430656
570,249,1.7213038,3.6970181
571,234,2.2573524,4.481471
572,106,1.0266198,3.7213626
573,87,1.8498029,3.9223468
574,311,2.3997283,3.991945
575,127,2.5604658,10.9713955
576,313,1.7127862,3.745798
577,123,2.6032457,5.049931
578,87,1.9538716,3.9870915
579,125,1.2536973,3.5005267
580,87,1.9209998,3.8470826
581,311,2.1879754,4.0674477
582,87,-0.10101574,4.5054874
583,249,1.6379843,3.4921637
584,314,0.8936821,4.0480657
585,87,1.9164066,3.9273202
586,139,2.0133836,3.7062314
587,313,1.696143,3.709866
588,247,3.4184077,8.19525
589,10,2.6695528,9.896101
590,196,2.5293586,9.614124
591,124,2.9011967,8.263871
592,197,-0.78943074,5.206791
593,11,4.496817,8.236231
594,132,0.45207116,11.057847
595,344,3.4986901,9.633496
596,245,2.7608466,8.371337
597,15,2.0924938,9.058981
598,341,2.9918547,8.231017
599,37,3.5048184,9.379898
600,189,3.188791,8.195773
601,10,2.6671402,10.004658
602,124,2.9215703,8.23771
603,353,2.5897362,9.801021
604,11,4.5405154,8.193704
605,124,2.842694,8.347145
606,189,3.2103353,8.218219
607,127,2.441805,11.046794
608,25,1.1374218,10.671573
609,267,0.11933441,12.436114
610,86,2.6637025,5.6056314
611,316,2.534406,8.918883
612,10,2.5826871,10.009429
613,274,0.7600328,10.0875025
614,267,0.086020514,12.451746
615,123,2.6550426,5.4625406
616,86,1.2994587,10.16194
617,196,1.8961282,9.951183
618,274,0.93732756,10.041576
619,316,2.2819176,9.033958
620,86,-0.48035488,5.3538904
621,86,1.7656637,10.001862
622,86,1.0304624,10.118951
623,86,1.4175195,10.23851
624,86,1.2135009,10.19515
625,86,1.4205734,10.283373
626,86,1.249524,10.167989
627,0,0.17430224,3.1445477
628,0,0.12103567,3.1231089
629,0,0.08103466,3.2640908
630,0,0.10667601,3.1190524
631,0,0.11274898,3.2008297
632,0,0.14016318,3.1526997
633,0,0.13363312,3.1565747
634,0,0.17717898,3.1698854
635,0,0.11877108,3.127016
636,0,0.18316479,3.108051
637,0,0.13363646,3.1203616
638,0,0.13640176,3.15626
639,0,0.094790526,3.0569782
640,0,0.08068817,3.0862558
641,0,0.1273422,3.1120214
642,242,0.5793928,4.753557
643,242,0.61680657,4.563692
644,13,0.18916406,6.3496633
645,257,4.81629,6.7005134
646,127,2.5289588,11.019579
647,242,0.812706,4.6674685
648,92,0.45748168,4.2407837
649,92,0.44606918,4.2014027
650,308,1.6904286,5.0179167
651,242,0.61237025,4.7722626
652,308,1.6525987,5.086841
653,106,0.81545013,3.7760952
654,284,-0.29509506,4.297968
655,131,2.268246,9.411484
656,63,0.18674703,4.226767
657,90,0.55709285,10.865394
658,150,0.70614296,3.7853496
659,308,1.5959278,5.0134726
660,106,0.5728955,3.72198
661,127,2.5425649,10.944418
662,339,1.3528961,5.239344
663,28,2.3934426,5.6996174
664,178,5.0125103,6.1387467
665,206,3.3311331,5.2376237
666,139,3.4268446,5.632836
667,108,4.0799994,5.101408
668,108,4.103709,5.1876817
669,241,0.5686089,4.3585157
670,123,2.72051,5.2448277
671,62,-0.1099556,11.809239
672,108,3.9607265,5.350627
673,132,0.539355,10.933114
674,5,4.025705,4.5412197
675,308,1.3581935,4.6276374
676,206,3.0152779,5.3427386
677,178,4.8682685,6.499146
678,313,1.2092476,4.335147
679,5,4.6415577,5.549688
680,250,4.885521,5.7194424
681,99,4.529244,5.642542
682,91,4.794947,5.8620286
683,240,4.599829,5.6486607
684,240,4.754115,5.736521
685,177,4.89035,5.420793
686,239,4.4350495,5.0433593
687,79,5.3524723,5.4624534
688,79,4.944573,5.7826366
689,79,4.969825,5.7074304
690,79,5.1279206,5.5641165
691,1,2.922365,6.616916
692,250,4.9615903,5.8857255
693,79,5.0442343,5.6448107
694,79,4.9676685,5.7103844
695,79,4.9830966,5.5287476
696,79,5.287397,5.5320425
697,179,8.58852,3.6848164
698,137,8.709417,3.5839207
699,179,8.571843,3.6945212
700,137,8.682163,3.5917475
701,287,8.506751,3.6955519
702,179,8.592701,3.676266
703,137,8.676013,3.5652158
704,338,8.70984,3.609777
705,179,8.606546,3.6661115
706,287,8.499166,3.7075474
707,179,8.521997,3.7038906
708,137,8.691986,3.5839798
709,287,8.528291,3.6994405
710,338,8.676031,3.6188176
711,179,8.615013,3.6575925
712,137,8.694482,3.5873303
713,287,8.473268,3.717975
714,137,8.663652,3.5884748
715,338,8.669142,3.6191819
716,47,4.864801,6.740171
717,237,4.1353345,6.5250583
718,244,4.071255,7.394908
719,237,4.0925584,6.674302
720,236,3.6707356,7.781407
721,22,4.1702657,6.8136764
722,192,3.8132122,6.5424976
723,22,4.200008,6.882786
724,237,4.117469,6.5591464
725,141,3.9725118,7.8576107
726,22,4.2362876,6.914382
727,22,3.9955394,6.8830795
728,22,4.1089716,6.8281245
729,22,4.118474,6.758338
730,22,4.0719657,6.7996907
731,22,4.1842594,6.8748913
732,22,4.114106,6.8326473
733,22,4.090837,6.8912344
734,22,4.1627293,6.8195124
735,22,4.169273,6.8158283
736,5,4.0398736,5.6695547
737,116,4.2107124,6.097454
738,161,2.8625805,10.9461155
739,12,4.0463157,6.0838804
740,99,4.336155,5.8057303
741,12,4.194906,5.8486104
742,237,4.1118555,6.2426243
743,12,3.9970791,6.1877284
744,12,4.0079417,6.3242817
745,12,3.9470365,6.4242783
746,12,3.984307,6.2735004
747,12,3.935213,6.290541
748,12,3.826784,6.344983
749,12,3.9027612,6.2708325
750,12,3.9650338,6.244843
751,12,3.9856255,6.2918105
752,12,3.9819095,6.2818823
753,12,4.000597,6.2507963
754,12,3.9644573,6.256981
755,119,7.9788795,3.9593973
756,235,2.365557,1.7451258
757,337,8.278849,3.8121762
758,119,8.160174,3.8701038
759,119,8.087362,3.8998818
760,105,8.30431,3.79075
761,119,8.13177,3.9051156
762,119,8.11627,3.8902988
763,119,8.0729475,3.9107487
764,105,8.335598,3.7893448
765,119,8.07273,3.9145074
766,105,8.343397,3.7748222
767,105,8.320856,3.787958
768,105,8.350452,3.7783003
769,337,8.32005,3.7892084
770,105,8.4140415,3.7455153
771,105,8.339618,3.819211
772,105,8.378586,3.7460918
773,337,8.269227,3.8128734
774,178,5.105124,6.677889
775,257,4.8242245,6.7360325
776,47,5.2479796,6.842009
777,47,5.2749386,6.777143
778,47,5.303737,6.7744136
779,257,4.822615,6.8326488
780,47,5.1529207,6.7295866
781,178,4.9995713,6.5192184
782,168,5.1210876,6.9030867
783,169,5.4351087,7.0134816
784,47,5.382949,6.750267
785,169,5.413101,6.9967885
786,47,5.2843914,6.781318
787,169,5.426577,7.0152025
788,47,5.2618823,6.7851086
789,169,5.4154205,7.0310597
790,47,5.3685837,6.824786
791,169,5.429473,7.022849
792,47,5.3084593,6.792899
793,169,5.4288077,7.0131474
794,243,5.287953,11.996383
795,318,4.0623093,10.473179
796,243,5.241206,12.00994
797,233,4.3530436,11.747502
798,120,3.2514012,11.421805
799,201,5.251247,11.98316
800,121,4.573776,11.429824
801,201,5.252886,11.969974
802,261,4.0336323,11.467899
803,243,5.244381,12.010249
804,7,4.716272,10.981197
805,336,5.2559776,11.9752655
806,120,3.2273567,11.307528
807,201,5.3090715,11.996633
808,121,4.4573035,11.643723
809,336,5.297558,12.00161
810,120,3.1327329,11.264089
811,336,5.330393,12.03261
812,111,3.693703,11.156646
813,243,5.3233495,12.002484
814,91,5.584096,9.414176
815,91,5.5788755,9.357518
816,91,5.6583,9.4430485
817,172,1.7635792,11.822774
818,91,1.1607679,11.402889
819,91,5.69495,9.456619
820,91,5.602448,9.415787
821,23,5.7504907,9.534927
822,23,5.7195206,9.500619
823,23,5.724135,9.554077
824,23,5.666448,9.503976
825,23,5.712585,9.535869
826,23,5.768698,9.529705
827,23,5.76781,9.559218
828,23,5.7330112,9.517033
829,23,5.746527,9.527385
830,23,5.732932,9.529549
831,23,5.7470593,9.52767
832,23,5.756749,9.570772
833,292,3.9213254,7.034777
834,292,3.9470613,7.0668874
835,236,3.5206168,7.7967486
836,237,4.0234156,6.677957
837,175,3.8102965,6.8598332
838,175,3.7053487,7.5311394
839,335,3.7369244,7.3155293
840,175,3.8093734,6.932236
841,106,0.9663691,3.7039955
842,335,3.3280408,7.3869987
843,335,3.624536,7.3834586
844,292,3.9944544,7.0154934
845,11,4.546691,8.145372
846,22,3.9739726,6.9142494
847,175,3.6750245,6.9233027
848,236,3.3521674,7.8227057
849,175,3.9421103,6.917842
850,292,4.177628,6.9507284
851,236,3.5003836,7.6119847
852,334,4.7636228,11.99156
853,334,4.801292,12.046939
854,296,4.6154156,12.05986
855,334,4.7403893,12.010988
856,129,4.5734444,11.842877
857,296,4.5658684,12.114999
858,121,4.5652413,11.789649
859,201,5.152745,11.995259
860,24,4.600784,12.596278
861,296,4.6003747,12.176057
862,7,4.725031,11.223165
863,129,4.690988,11.960583
864,296,4.42805,12.180375
865,129,4.5654144,11.916217
866,129,4.6169143,11.889724
867,129,4.656447,11.972566
868,261,4.381928,11.684627
869,121,4.5551367,11.712401
870,129,4.6768246,11.981526
871,129,4.5106144,11.911623
872,85,1.0380881,16.020489
873,159,1.0696048,16.04098
874,159,1.0551605,16.035353
875,290,1.035223,16.011768
876,85,1.0255238,15.98486
877,290,1.027539,15.988197
878,85,1.036681,16.011244
879,85,1.0259336,16.000446
880,10,1.1134506,15.844793
881,85,1.0461996,16.02141
882,85,1.0280852,16.00549
883,159,1.0227609,16.001238
884,85,1.0376046,16.011896
885,85,1.0690912,16.046467
886,159,1.0661465,16.042164
887,290,1.0453355,16.013985
888,159,1.0589197,16.03513
889,290,1.0370046,16.010921
890,85,1.0455356,16.00977
891,159,1.0752118,16.046265
892,278,2.377299,8.463716
893,94,3.4987426,9.108338
894,15,1.9241966,8.868893
895,140,2.957347,6.4447055
896,247,3.4042108,8.241973
897,35,2.6899989,7.65613
898,10,2.5619063,10.020032
899,171,2.7512097,9.127156
900,196,2.5522692,9.444853
901,17,2.4961421,7.1458697
902,285,0.6517083,3.5623832
903,15,2.1531308,8.911849
904,124,2.9014723,8.268534
905,94,3.4878776,9.067609
906,138,2.0366209,9.390349
907,35,2.9429345,7.9648438
908,34,0.5405028,10.201263
909,332,2.707015,7.7414484
910,10,2.6979449,9.971426
911,278,2.62263,8.3745165
912,153,3.5620902,9.113565
913,196,2.5758882,9.482726
914,164,1.8171598,9.609799
915,98,2.2958713,9.044929
916,35,2.701153,7.6693745
917,10,2.6718938,9.967662
918,94,3.4859848,9.058977
919,196,2.5819972,9.618916
920,11,4.5577736,8.150179
921,34,0.672452,10.09996
922,17,2.472929,7.235365
923,316,2.5702546,8.987527
924,131,2.4759028,9.818118
925,245,3.1511402,8.237777
926,131,2.4346106,9.846826
927,131,2.5698,9.7866335
928,258,3.2090125,9.552401
929,164,2.7587297,7.496738
930,176,2.9328048,4.1010575
931,61,3.0353434,7.130812
932,61,2.894066,7.048415
933,35,2.7909508,7.550215
934,286,2.7075515,7.013636
935,262,2.987113,7.338593
936,61,2.9566343,7.1196694
937,262,2.8436415,7.367632
938,61,2.9466324,7.1965694
939,262,2.9253747,7.232805
940,61,2.9676027,7.1817827
941,262,2.9274623,7.157035
942,61,2.9533896,7.161447
943,61,2.98566,7.226098
944,286,2.850938,7.108626
945,61,2.9965541,7.1602187
946,61,3.0360453,7.2945056
947,61,2.9814203,7.1226034
948,299,3.3976128,9.177972
949,10,2.7987568,9.892391
950,259,3.2351985,9.465106
951,154,3.723416,9.426571
952,10,2.6637726,9.949659
953,94,3.4488318,9.13655
954,37,3.3320742,9.441766
955,37,3.6347482,9.603085
956,259,3.4732082,9.570118
957,299,3.3458998,9.102498
958,258,3.4762638,9.365556
959,98,2.313479,8.996952
960,299,3.35135,9.222944
961,34,3.0392423,9.52754
962,94,3.451365,9.169799
963,10,2.637032,10.004752
964,258,3.2122593,9.396232
965,154,3.9716368,9.511135
966,299,3.3971646,9.298962
967,94,3.4104786,8.977306
968,138,1.8985142,9.397825
969,83,1.5762562,9.443537
970,138,2.0530832,9.457132
971,331,2.5155275,8.744029
972,140,2.9335866,6.570916
973,138,1.460958,10.337572
974,15,1.8769383,9.10557
975,316,2.0716925,9.245097
976,132,0.4734684,11.0974245
977,124,2.920848,8.237942
978,11,4.4507275,8.241366
979,83,1.8181847,9.35507
980,83,1.9501377,9.428603
981,138,2.1766963,9.519743
982,83,1.8034878,9.432383
983,83,1.657719,9.498685
984,83,1.5321723,9.862017
985,83,2.01884,9.311712
986,258,3.2625985,9.592252
987,10,2.8433068,9.852207
988,248,2.8940122,9.510487
989,11,4.5516725,8.171595
990,258,3.4671946,9.446724
991,244,4.175995,9.33278
992,10,2.6120796,9.994102
993,143,2.9891558,8.994937
994,94,3.4671862,9.074255
995,259,3.150484,9.542506
996,206,3.0966747,5.371767
997,41,3.3205364,8.234905
998,248,2.9838371,9.598201
999,353,2.5827157,9.826754
1000,148,4.0922656,9.080359
1001,11,4.6065097,8.125021
1002,41,3.3944006,8.187403
1003,148,0.7317936,11.261698
1004,236,3.2920387,8.028431
1005,248,2.9324384,9.426704
1006,11,4.590473,8.157309
1007,341,3.0735426,8.1458235
1008,245,2.8244224,8.349439
1009,37,3.5351892,9.536953
1010,259,3.238723,9.504027
1011,140,2.9887016,6.3579645
1012,124,2.9103496,8.226227
1013,189,3.1942992,8.181253
1014,11,4.558798,8.174223
1015,10,2.6506975,10.053123
1016,148,4.131042,8.995839
1017,148,4.096628,9.036183
1018,341,3.0154285,8.248189
1019,155,1.3679804,9.037525
1020,11,4.548213,8.183457
1021,245,2.7879863,8.334519
1022,15,1.9117619,8.800593
1023,245,2.5609257,8.367167
1024,98,2.2978003,8.815984
1025,15,1.8056675,8.9361725
1026,98,1.5285343,9.405771
1027,83,1.4933269,9.44504
1028,98,2.3049648,8.872336
1029,140,2.99969,6.403529
1030,39,3.9474218,11.333987
1031,34,0.9461069,9.809253
1032,196,2.4474702,9.703504
1033,91,1.795733,9.696683
1034,98,2.1258132,9.011548
1035,34,0.59123635,10.125703
1036,98,2.302137,8.9539175
1037,189,3.144131,8.163284
1038,131,2.5470338,9.8644085
1039,138,1.5277424,9.544662
1040,35,2.6949253,7.6371903
1041,17,2.6214705,7.3805394
1042,39,3.9087276,11.241859
1043,164,2.7903173,7.4462686
1044,332,2.6747062,7.7320704
1045,176,2.903322,4.094087
1046,17,2.8548691,7.1728005
1047,35,2.7095513,7.6024613
1048,35,2.755261,7.6668124
1049,286,2.6753097,7.045558
1050,164,2.7475598,7.5308514
1051,164,2.8072298,7.2360563
1052,17,2.5288057,7.1507707
1053,193,2.2807298,5.7825403
1054,35,2.7088075,7.655134
1055,17,2.4159787,7.1406503
1056,16,1.9830598,6.047268
1057,35,2.742441,9.766748
1058,172,1.6703976,11.834928
1059,118,1.208442,9.99433
1060,301,3.9463964,11.864634
1061,303,0.9374806,9.936259
1062,304,1.8164873,11.893956
1063,83,1.7876861,12.391749
1064,173,1.4899871,11.625741
1065,118,1.0869105,9.965892
1066,172,1.6381428,11.827443
1067,173,1.362336,11.5492
1068,81,1.0581397,11.354039
1069,172,1.6484424,11.793557
1070,173,1.4434917,11.598481
1071,304,1.8041404,12.00722
1072,170,1.7239989,11.815218
1073,173,1.533683,11.667416
1074,165,1.8449491,12.367382
1075,172,1.6481093,11.857414
1076,304,1.9194734,12.016418
1077,135,0.097653635,10.67434
1078,46,2.1427193,12.126689
1079,301,3.703416,11.857456
1080,46,2.2140684,12.152837
1081,39,3.95946,11.389691
1082,46,2.1069183,12.163142
1083,345,1.6050699,11.982891
1084,46,2.1374476,12.179727
1085,301,3.9410264,11.832315
1086,345,1.5999209,11.99503
1087,46,2.1436944,12.133637
1088,46,2.0497093,12.136117
1089,345,1.66576,12.004345
1090,46,2.3500853,12.150396
1091,46,1.9841835,12.118502
1092,46,2.1536605,12.187071
1093,173,1.6557987,11.940711
1094,301,3.9042299,11.817826
1095,46,2.0940006,12.147056
1096,46,2.1917975,12.155318
1097,50,1.535158,11.975794
1098,90,0.6213943,10.561929
1099,100,0.59796596,9.729671
1100,132,0.3631117,11.012017
1101,100,0.55782634,9.844274
1102,147,1.1548697,9.08828
1103,303,0.6276132,9.897458
1104,90,0.61227417,10.243731
1105,100,0.5497224,9.753538
1106,147,1.2475778,9.078402
1107,90,0.5851846,10.614291
1108,100,0.60283226,9.818192
1109,303,0.55208284,9.941466
1110,147,1.0238755,9.26384
1111,90,0.5867882,10.523859
1112,100,0.5404992,9.750506
1113,147,1.1678113,9.161629
1114,90,0.6262982,10.539056
1115,100,0.58553356,9.819308
1116,303,0.6710615,9.795982
1117,210,4.126988,11.764942
1118,182,3.4188266,13.0117445
1119,39,4.061086,11.463353
1120,39,3.9651127,11.332686
1121,328,3.9540222,11.64445
1122,7,4.7731633,10.977329
1123,121,4.51069,11.672262
1124,210,5.0942116,11.890148
1125,210,4.2312365,11.766044
1126,233,4.329119,11.788507
1127,136,3.6081026,11.20575
1128,255,4.1388445,11.981169
1129,59,4.2114882,12.339846
1130,172,3.2941012,11.58172
1131,261,4.0719485,11.473913
1132,255,4.1922693,12.129879
1133,24,4.470103,12.761889
1134,233,4.257772,11.825951
1135,201,5.256643,11.959712
1136,121,4.420584,11.614978
1137,26,2.447036,13.682881
1138,26,2.5607588,13.542214
1139,194,2.4585838,13.701199
1140,26,2.450564,13.676744
1141,183,2.6477327,13.3229685
1142,194,2.4290948,13.651835
1143,26,2.4540012,13.667317
1144,194,2.4516313,13.654238
1145,194,2.4602745,13.693034
1146,26,2.451573,13.710675
1147,26,2.7316256,13.502123
1148,26,2.5236466,13.575314
1149,194,2.4715507,13.663844
1150,26,2.4555368,13.694171
1151,26,2.4506378,13.680243
1152,26,2.3767276,13.625595
1153,26,2.442354,13.717617
1154,26,2.438831,13.694138
1155,8,3.9326975,4.0822453
1156,78,3.9580135,3.890484
1157,8,3.943434,4.033891
1158,8,3.9888844,4.0100474
1159,8,3.9544694,4.0007215
1160,8,3.9391198,4.065388
1161,8,3.9540255,3.9761043
1162,8,3.8589306,3.9689424
1163,8,3.9641113,4.0564675
1164,8,4.0147395,3.939747
1165,78,3.8420765,3.7850573
1166,8,3.8957248,3.9834678
1167,8,3.9671683,4.037346
1168,78,3.9010603,3.8516376
1169,78,3.9134138,3.8895242
1170,8,3.915803,3.9582458
1171,78,3.8878467,3.8617604
1172,78,3.895439,3.8106751
1173,78,3.9025724,3.862284
1174,78,3.9054403,3.840029
1175,184,3.0799863,13.078779
1176,44,2.5773294,12.783682
1177,44,2.7386875,12.721984
1178,44,2.7539907,12.956686
1179,209,3.3068528,13.122838
1180,44,2.761736,12.969851
1181,184,3.178969,13.148834
1182,182,3.2541113,13.124949
1183,44,2.772468,13.006784
1184,182,3.2864513,13.133616
1185,44,2.7539103,13.0007105
1186,182,3.2372808,13.168269
1187,44,2.79577,13.003739
1188,44,2.711553,12.971909
1189,182,3.2399487,13.127569
1190,44,2.8219624,13.032378
1191,209,3.3158598,13.121312
1192,44,2.7769053,13.008394
1193,135,0.1618787,10.858662
1194,202,0.05647566,10.332769
1195,34,0.6379498,10.109888
1196,215,0.50627786,11.153565
1197,214,0.02156163,10.986572
1198,302,0.6756905,10.725494
1199,202,0.0038950394,10.323978
1200,135,0.17271584,10.775835
1201,215,0.37771717,11.149792
1202,213,0.24863596,10.91653
1203,58,0.18639065,11.1615095
1204,135,0.054857664,10.719003
1205,58,0.058865283,11.158852
1206,58,0.10018662,11.075833
1207,58,0.16061267,11.130584
1208,214,0.08670155,10.955203
1209,58,0.12614578,11.2129965
1210,58,0.030527176,11.087405
1211,215,0.3520876,11.161213
1212,163,0.74241626,8.144429
1213,214,0.33764428,11.243884
1214,173,1.3078012,11.475539
1215,81,0.927778,11.448048
1216,5,3.935035,4.2882323
1217,44,2.7660315,12.979211
1218,81,1.0382144,11.571914
1219,183,3.3199599,12.118997
1220,81,0.8864894,11.498965
1221,217,-1.1621046,5.2788224
1222,87,3.1579602,4.4981756
1223,81,1.0639626,11.549411
1224,170,1.763154,11.681256
1225,6,-4.125389,3.0266862
1226,81,0.8074483,12.137925
1227,183,3.1381567,12.179985
1228,354,3.8648252,4.102383
1229,157,1.0827188,11.632342
1230,81,0.93051076,11.55861
1231,81,0.97944427,11.656113
1232,232,0.18328267,8.998377
1233,114,0.35790315,9.044391
1234,115,1.0146418,9.001849
1235,38,-0.015404584,8.993164
1236,114,0.07530187,9.00955
1237,114,-0.32824367,9.078414
1238,38,-0.042683743,8.952093
1239,114,0.11060751,8.945305
1240,232,0.17476007,8.919217
1241,114,0.12548813,9.023077
1242,115,0.77375007,9.038341
1243,38,-0.064338334,8.956791
1244,38,-0.032596797,8.952857
1245,114,0.008484742,9.048377
1246,38,-0.048366003,8.95931
1247,114,0.06597196,9.05006
1248,38,-0.032028735,8.973336
1249,38,0.021249985,8.97853
1250,202,0.02359727,9.997183
1251,38,-0.025270863,8.974289
1252,297,1.289858,8.122682
1253,101,1.4541113,8.168157
1254,232,0.37600595,9.01348
1255,161,2.6194625,10.933675
1256,34,0.88617396,9.203154
1257,304,0.91889566,8.50224
1258,115,0.437201,8.993009
1259,143,2.9038048,8.994612
1260,122,1.0371716,8.394824
1261,93,0.5624762,7.6045055
1262,333,0.1384148,8.79977
1263,297,1.3155955,8.161513
1264,163,0.73916984,8.162427
1265,131,3.5398061,9.448647
1266,93,0.5353961,7.7458396
1267,333,0.11301228,8.866718
1268,128,6.0907903,6.9851274
1269,297,1.2357078,8.144475
1270,333,0.09255088,8.911698
1271,122,1.0569335,8.451409
1272,38,-0.08868651,9.000225
1273,38,-0.48993692,9.230582
1274,174,-1.9207245,9.612006
1275,156,-0.9298762,9.29553
1276,156,-1.1018554,9.355107
1277,112,4.827147,4.022261
1278,156,-0.8748761,9.183432
1279,156,-1.3453165,8.72386
1280,174,-1.8609078,9.588727
1281,135,-1.1012744,9.507181
1282,29,-1.1263684,8.79103
1283,123,2.6807456,5.2745304
1284,293,-1.56308,9.382249
1285,29,-1.4860471,9.098549
1286,109,-1.905254,9.528565
1287,156,-0.9009823,9.23068
1288,78,3.8368123,3.8534248
1289,1,2.8124666,-0.6583082
1290,29,-1.4348115,9.167202
1291,156,-0.93457425,9.271624
1292,101,1.2494705,8.109257
1293,163,0.86929935,8.209318
1294,93,0.5680784,7.6906123
1295,161,2.508706,10.822573
1296,101,1.2448661,8.123184
1297,163,0.78759086,8.108093
1298,122,0.03910748,8.21635
1299,297,1.3154112,8.148145
1300,93,0.6565035,7.8129234
1301,161,2.5654008,10.912132
1302,93,0.5980671,7.742658
1303,161,0.9437862,8.275363
1304,101,1.2396665,8.12074
1305,93,0.5734001,7.6982474
1306,101,0.4307276,8.078882
1307,101,1.2961208,8.114156
1308,93,0.5749757,7.7089205
1309,163,0.7581677,8.110823
1310,101,1.1850713,8.090939
1311,65,-1.312838,8.415677
1312,165,-1.4611782,8.309078
1313,165,-1.5126271,8.214589
1314,65,-1.3523856,8.366689
1315,165,-1.5114677,8.217453
1316,65,-1.2773999,8.413483
1317,165,-1.4948872,8.216713
1318,65,-1.2510806,8.346767
1319,165,-1.470572,8.2488165
1320,65,-1.3298708,8.435478
1321,221,-1.639844,8.127197
1322,65,-1.2825212,8.4839525
1323,221,-1.6343906,8.124381
1324,65,-1.3118601,8.398832
1325,221,-1.6393812,8.088497
1326,65,-1.3990002,8.650003
1327,221,-1.6603528,8.143323
1328,65,-1.336907,8.431976
1329,221,-1.6341083,8.123859
1330,289,-1.9999788,9.555182
1331,174,-2.0366418,9.60455
1332,109,-2.006043,9.48532
1333,289,-2.056358,9.579911
1334,208,-1.9011519,9.383086
1335,289,-2.0313606,9.559716
1336,174,-2.0774353,9.649131
1337,109,-1.9734195,9.45791
1338,174,-2.0187404,9.580064
1339,109,-2.0100284,9.524624
1340,289,-2.0500379,9.569561
1341,109,-2.026202,9.541967
1342,109,-1.9121933,9.406358
1343,174,-2.0305371,9.60745
1344,208,-1.9698989,9.494723
1345,208,-1.9063216,9.391026
1346,109,-1.9705968,9.483755
1347,208,-1.8390731,9.334945
1348,208,-1.9174684,9.424651
1349,109,-2.016745,9.528879
1350,222,-0.1762424,8.062791
1351,122,-0.10728217,8.059328
1352,122,-0.09735445,8.100459
1353,122,-0.09525595,8.107271
1354,160,-0.19417422,7.971726
1355,222,-0.14180984,8.0497055
1356,122,-0.028728891,8.199984
1357,160,-0.13491286,7.949768
1358,222,-0.16991031,8.002628
1359,223,-0.21951555,7.9391017
1360,222,-0.18467532,8.016682
1361,160,-0.2115221,7.9533887
1362,160,-0.11550013,7.9432764
1363,160,-0.17712162,7.9939
1364,223,-0.18868344,7.9464655
1365,223,-0.21743228,8.025829
1366,223,-0.18954179,7.9341207
1367,222,-0.18158457,8.008885
1368,160,-0.12271709,8.008392
1369,223,-0.14648962,7.9300385
1370,68,-1.6554614,9.042415
1371,104,-1.4603678,9.210531
1372,104,-1.4369575,9.211214
1373,68,-1.5860145,9.13833
1374,131,0.9162511,8.435437
1375,29,-1.3259866,9.356144
1376,29,-1.6300541,9.438602
1377,29,-1.4425045,9.28427
1378,293,-1.4763607,9.34489
1379,29,-1.430059,9.283003
1380,104,-1.4360915,9.243586
1381,29,-1.4045961,9.314779
1382,104,-1.4934735,9.227215
1383,29,-1.467671,9.269312
1384,104,-1.495367,9.230504
1385,293,-1.4979169,9.320663
1386,29,-1.4132144,9.236777
1387,29,-1.3980261,9.39604
1388,293,-1.4589852,9.304228
1389,68,-1.6203119,8.995529
1390,68,-1.6205668,9.116213
1391,104,-1.499814,9.171474
1392,68,4.9014287,7.03204
1393,68,-1.5394574,8.959824
1394,104,-1.3837396,9.245719
1395,184,-1.4583043,9.196389
1396,68,-1.6011239,8.970215
1397,68,-1.6110071,9.053411
1398,68,-1.6072509,9.064648
1399,209,3.3169608,13.121711
1400,232,0.5839441,9.186854
1401,184,3.1309283,13.179052
1402,246,3.1789303,11.77851
1403,128,6.181742,6.929526
1404,209,3.2954679,13.134858
1405,104,-1.4112041,9.228193
1406,68,-1.6948212,9.073308
1407,168,5.012407,6.936663
1408,95,0.84204096,8.057236
1409,224,1.6738259,8.31479
1410,163,0.70109236,8.202088
1411,257,4.7438817,6.928396
1412,95,0.8513291,8.036374
1413,224,2.3209379,1.8181963
1414,101,1.2834481,8.11031
1415,168,5.152495,6.909238
1416,95,0.8731497,8.0646925
1417,224,1.5112395,8.107715
1418,95,0.8376927,8.06451
1419,168,4.977954,6.9492087
1420,95,0.8716538,8.067075
1421,95,0.83505285,8.032849
1422,168,5.0032144,6.9455523
1423,95,0.858885,8.072174
1424,224,1.5504557,8.045896
1425,95,0.91056246,8.098912
1426,31,-0.089943714,12.929933
1427,31,-0.06837659,12.910994
1428,70,-0.06351223,12.820153
1429,31,-0.06902705,12.900557
1430,70,-0.028063076,12.829327
1431,31,-0.088674136,12.936175
1432,31,-0.065185644,12.899504
1433,31,-0.08055482,12.93758
1434,70,-0.05498454,12.842933
1435,31,-0.08843815,12.950229
1436,70,-0.0396448,12.835557
1437,31,-0.08698106,12.948024
1438,70,-0.012371146,12.8075485
1439,31,-0.07875382,12.930666
1440,70,-0.009951744,12.775863
1441,31,-0.10500187,12.957404
1442,70,-0.027808493,12.82144
1443,31,-0.084959246,12.947096
1444,70,-0.013383446,12.762047
1445,25,1.2158855,10.562255
1446,25,1.2075682,10.564527
1447,25,1.2302091,10.487452
1448,25,1.2146974,10.427909
1449,25,1.1390634,10.624573
1450,25,1.9929671,10.890568
1451,25,1.2454813,10.548952
1452,274,0.76079255,10.155299
1453,25,1.1544663,10.598301
1454,142,1.2557731,10.542715
1455,25,1.225873,10.518525
1456,262,1.154098,10.238095
1457,142,1.268439,10.5111
1458,25,1.2246051,10.50005
1459,25,1.4298621,10.471541
1460,142,1.293454,10.453833
1461,25,1.2412459,10.54058
1462,142,1.173733,10.628755
1463,142,1.3083487,10.535535
1464,142,1.2596704,10.558004
1465,52,-1.3805901,1.3884329
1466,52,-1.3992907,1.3623484
1467,52,-1.34756,1.3770571
1468,52,-1.3531398,1.3765203
1469,211,-1.2870605,1.3521864
1470,39,3.8718243,11.376904
1471,317,-1.4102455,1.3656573
1472,211,-1.2117212,1.4783922
1473,52,-1.3930223,1.3999215
1474,211,-1.2380079,1.2963232
1475,211,-1.3112744,1.3836552
1476,52,-1.3607665,1.377052
1477,211,-1.3436207,1.3765736
1478,211,-1.3205009,1.4074231
1479,317,-1.3572919,1.3634394
1480,52,-1.3741503,1.3881793
1481,317,-1.4017352,1.409109
1482,52,-1.3594327,1.3792601
1483,317,-1.3979602,1.3776547
1484,52,-1.3597603,1.3789608
1485,202,0.005552236,10.34194
1486,90,0.5469321,10.653602
1487,340,0.7224573,10.789796
1488,202,0.0067728823,10.433287
1489,210,0.6910839,10.664349
1490,135,0.13160807,10.596556
1491,34,0.45941302,10.164531
1492,21,-0.17776467,10.334752
1493,34,0.6239824,10.088743
1494,21,0.003177708,10.307168
1495,21,-0.17055799,10.356386
1496,202,0.05763835,10.35926
1497,21,-0.1470311,10.355531
1498,21,-0.17162265,10.373153
1499,21,-0.11255938,10.402303
1500,323,0.7746835,10.664677
1501,21,-0.1325549,10.364043
1502,21,-0.19002904,10.342836
1503,323,0.70139235,10.45199
1504,21,-0.17854576,10.387245
1505,132,0.4743593,11.135966
1506,215,0.45625472,11.154216
1507,135,0.18603365,10.770741
1508,215,0.51595736,11.1021385
1509,340,0.6700876,10.965724
1510,34,0.5898911,10.078938
1511,58,0.4773256,11.013702
1512,132,0.37041572,11.096059
1513,21,-0.18670262,10.391407
1514,96,1.8607211,11.521275
1515,21,-0.17188771,10.381022
1516,90,0.52127975,10.909481
1517,21,-0.21004142,10.342019
1518,242,0.5646826,4.712344
1519,340,0.67980754,11.015773
1520,34,0.53342384,10.055785
1521,62,0.35356945,11.268112
1522,21,-0.19643202,10.356147
1523,132,0.4726723,11.185717
1524,315,-0.16853823,11.096256
1525,213,-0.033506818,10.90944
1526,97,-0.38966352,11.075985
1527,21,-0.15151508,10.550139
1528,315,-0.25075948,11.092327
1529,97,-0.3760897,11.073929
1530,213,-0.12042964,10.78771
1531,97,-0.38563773,11.084272
1532,213,0.0048009623,10.56335
1533,315,-0.228782,11.052059
1534,97,-0.36135632,11.055481
1535,315,-0.21875463,11.093549
1536,97,-0.3489016,11.046445
1537,58,0.17636731,11.092737
1538,213,0.17834732,10.892806
1539,213,0.23430175,10.945426
1540,97,-0.37145266,11.06449
1541,214,0.09689579,10.974811
1542,97,-0.36484334,11.048461
1543,97,-0.35627192,11.0634775
1544,88,1.4344394,11.979226
1545,50,1.4169458,11.984422
1546,302,1.3953974,11.590281
1547,50,1.4764314,12.01824
1548,50,1.4941608,11.986313
1549,88,1.4418205,11.944625
1550,58,0.24456452,11.387069
1551,50,1.3242508,11.911416
1552,50,1.4831811,11.948652
1553,88,1.2799673,11.867609
1554,88,1.4423186,11.941165
1555,50,1.3283529,11.859878
1556,302,1.4992275,11.635289
1557,50,1.4890084,12.006994
1558,50,1.5094987,12.008667
1559,88,1.4716587,11.976768
1560,58,0.32203907,11.383983
1561,88,1.2412236,11.867089
1562,50,1.4302645,11.994519
1563,88,1.2190679,11.907297
1564,36,-1.0368288,12.258999
1565,36,-1.0609881,12.262023
1566,312,-1.0879711,12.309298
1567,36,-1.0917071,12.295354
1568,36,-1.0619837,12.267077
1569,36,-1.020568,12.236175
1570,312,-1.0977663,12.301424
1571,36,-1.0484864,12.25398
1572,227,-1.0629305,12.279595
1573,227,-1.106922,12.307425
1574,36,-1.0469252,12.252534
1575,227,-1.0453529,12.248112
1576,312,-1.1017877,12.306315
1577,36,-1.0350264,12.258938
1578,227,-1.099945,12.299006
1579,36,-0.99215746,12.197068
1580,312,-1.103438,12.307054
1581,36,-1.047516,12.24862
1582,227,-1.0911212,12.288496
1583,36,-1.0594007,12.265025
1584,127,2.6535163,11.16206
1585,185,-0.11478332,12.229814
1586,185,-0.028924325,12.577494
1587,62,0.31650898,11.304814
1588,181,0.73339856,12.390695
1589,241,-0.14606196,12.2920885
1590,62,-0.010256926,11.73284
1591,62,0.054507025,11.692936
1592,185,-0.105118155,12.392913
1593,185,-0.07677599,12.366823
1594,62,0.17894748,11.542296
1595,267,0.010503164,12.51104
1596,62,0.07319656,11.666784
1597,70,-0.03191211,12.762069
1598,31,0.17687441,12.729408
1599,185,-0.14076497,12.304251
1600,62,-0.011307729,11.782633
1601,185,-0.06812072,12.362459
1602,62,0.07411916,11.665667
1603,62,0.076584294,11.631558
1604,96,1.7508601,11.6235485
1605,96,1.9130316,11.463067
1606,147,1.2260097,9.281267
1607,170,1.7001811,11.769701
1608,96,1.8590518,11.562501
1609,96,1.8110929,11.588483
1610,96,1.8863839,11.421405
1611,170,1.614865,11.750623
1612,186,2.170936,11.298752
1613,170,1.5789055,11.745687
1614,186,2.0317457,11.403885
1615,96,2.0492702,11.268443
1616,186,2.192506,11.311475
1617,170,1.6499543,11.80775
1618,186,2.134329,11.326875
1619,302,1.4909054,11.759071
1620,186,2.1440642,11.315196
1621,88,1.5477663,11.858221
1622,186,2.1705797,11.349269
1623,177,5.1274023,5.278453
1624,107,5.223139,5.304238
1625,177,5.1267548,5.294227
1626,161,2.7530677,10.995934
1627,99,4.5676847,5.694529
1628,99,5.0335727,5.2481523
1629,285,0.7007003,3.6767447
1630,177,5.175102,5.426104
1631,177,5.12601,5.211144
1632,107,5.183252,5.266395
1633,206,3.1480026,5.356716
1634,35,2.7239301,7.5378933
1635,331,2.8628402,8.792814
1636,139,3.5482852,5.5098424
1637,127,2.5500703,10.971397
1638,11,4.54718,8.138655
1639,107,5.154159,5.2283998
1640,107,5.223488,5.3020487
1641,108,4.325999,4.9906654
1642,1,2.7492576,-0.8492791
1643,1,2.713932,-0.91248906
1644,1,2.7092924,-0.93316144
1645,1,2.7057257,-0.9080661
1646,1,2.7310238,-0.9466753
1647,1,2.7376652,-0.9411853
1648,1,2.7160215,-0.92156523
1649,1,2.6830118,-0.9168941
1650,1,2.7005503,-0.9200375
1651,1,2.7229095,-0.93289727
1652,1,2.727519,-0.95036435
1653,1,2.7167222,-0.93137074
1654,1,2.7028656,-0.92061985
1655,1,2.729144,-0.94344765
1656,1,2.7102568,-0.9329677
1657,1,2.7253458,-0.93579704
1658,1,2.692967,-0.9131204
1659,1,2.723664,-0.9364797
1660,1,2.6848886,-0.92507243
1661,108,4.0642815,5.1215315
1662,309,3.8992853,4.3967876
1663,206,3.315779,4.970015
1664,108,4.057082,5.153938
1665,176,3.2912776,4.445609
1666,228,3.5399168,4.8055153
1667,228,3.4338882,4.8967915
1668,74,3.485905,4.832125
1669,74,3.3820097,4.8911524
1670,228,3.5380216,4.80494
1671,228,3.5092325,4.789173
1672,74,3.4973588,4.9235196
1673,74,3.458876,4.844188
1674,74,3.4311604,4.8666596
1675,74,3.4918783,4.8276396
1676,74,3.3818803,4.7317533
1677,74,3.460219,4.8394375
1678,74,3.4483738,4.8620467
1679,228,3.555957,4.732783
1680,27,-1.7796252,2.9077857
1681,27,-1.7933095,2.895256
1682,27,-1.8159457,2.872078
1683,305,-1.7668803,2.917611
1684,27,-1.7525809,2.9247534
1685,343,-1.6557808,3.0151758
1686,305,-1.7527949,2.9314766
1687,27,-1.786416,2.901158
1688,27,-1.7800162,2.9074578
1689,27,-1.7673374,2.9209986
1690,27,-1.8292755,2.8583958
1691,343,-1.5436962,3.116924
1692,27,-1.7878355,2.9014647
1693,27,-1.7699966,2.917208
1694,305,-1.7549616,2.9246356
1695,27,-1.810795,2.879001
1696,305,-1.7759335,2.910836
1697,27,-1.7390488,2.9506578
1698,27,-1.833728,2.8580964
1699,343,-1.6428798,3.020752
1700,99,4.7321315,5.4025154
1701,171,2.8701415,9.533438
1702,33,4.955515,4.760008
1703,108,3.972909,5.147297
1704,33,4.805584,4.629915
1705,33,4.908165,4.932571
1706,33,4.796397,4.8931017
1707,33,4.904023,4.9663568
1708,177,5.0811067,5.176739
1709,33,4.8747954,4.880527
1710,33,4.924107,4.958992
1711,33,4.793644,4.7797956
1712,33,4.90864,4.9130006
1713,33,4.88026,4.8567567
1714,33,4.803947,4.7028575
1715,33,4.9264126,4.951684
1716,19,6.6165786,1.0327659
1717,139,3.488334,5.534025
1718,19,6.619571,1.0503057
1719,19,6.6194324,1.0282588
1720,19,6.6087203,1.0383903
1721,19,6.626701,1.0186146
1722,19,6.580545,1.0684705
1723,19,6.620738,1.0245919
1724,19,6.6134653,1.0334486
1725,19,6.6219225,1.0268062
1726,19,6.612394,1.0387268
1727,19,6.6170526,1.0310091
1728,19,6.5899487,1.0596024
1729,19,6.6341405,1.0113783
1730,19,6.6214504,1.0255959
1731,239,4.288375,4.83443
1732,234,2.478297,5.687272
1733,99,4.386809,5.804062
1734,178,5.0036387,6.3813467
1735,250,4.886759,5.691161
1736,28,2.4306736,5.590457
1737,5,3.0181847,6.618455
1738,16,1.9047155,5.9779387
1739,28,2.2524207,5.6835647
1740,239,4.4479923,5.0510178
1741,240,4.4723077,5.7003627
1742,87,2.0450616,3.9007282
1743,253,3.7105436,4.481604
1744,178,4.780725,6.4330335
1745,139,3.4243257,5.635842
1746,77,3.7599623,5.271031
1747,240,4.805519,5.8113317
1748,79,4.898441,5.72394
1749,106,4.6685963,5.201231
1750,107,5.1593113,5.2345314
1751,116,7.410509,4.174665
1752,107,5.199182,5.2661614
1753,99,4.8329124,5.43153
1754,143,2.9230065,9.072474
1755,11,4.5714617,8.148851
1756,271,2.3435733,1.7780907
1757,140,3.0005488,6.380031
1758,171,3.0094113,9.600328
1759,32,4.6595726,9.331119
1760,259,3.1079948,9.548303
1761,347,3.592799,5.187138
1762,171,2.8905046,9.644728
1763,285,0.7183149,3.6287384
1764,171,2.8088095,9.296294
1765,331,2.8599586,8.724855
1766,171,2.792235,9.505155
1767,347,3.4698944,5.4104414
1768,99,2.7611074,7.5785904
1769,136,4.1912103,8.098379
1770,5,3.958305,4.351773
1771,253,3.7583988,4.3467484
1772,176,3.0266967,4.103156
1773,239,4.3497276,4.9034653
1774,5,3.8910809,4.2574134
1775,8,3.9409468,4.062414
1776,253,-0.0037490388,8.775764
1777,8,4.0958858,4.011452
1778,5,3.8110018,4.219113
1779,309,3.9012642,4.31975
1780,5,4.007995,4.3461027
1781,309,3.8851366,4.170871
1782,5,4.1653013,4.616529
1783,239,5.9595866,6.5919137
1784,354,3.888983,4.0701103
1785,5,3.9725008,4.4608727
1786,309,3.9152462,4.181594
1787,5,3.9751256,4.412945
1788,8,3.8915787,4.1095853
1789,5,3.9836445,4.43582
1790,271,2.2978346,1.7880564
1791,103,2.7065487,6.852031
1792,176,2.9224553,4.0307164
1793,151,2.3444147,1.9609239
1794,249,1.5808622,3.463012
1795,17,2.4820516,7.0839
1796,103,2.0006711,3.1301126
1797,40,1.2382058,3.35979
1798,103,2.0009997,3.182624
1799,40,1.2784429,3.3519068
1800,125,1.2003708,3.3457024
1801,40,1.2920351,3.1202698
1802,268,1.6859506,3.2292764
1803,40,1.0084003,3.3793845
1804,103,1.9095565,3.1951165
1805,115,0.50052977,8.96162
1806,125,1.2309486,3.3595634
1807,40,1.1792362,3.2781966
1808,327,-3.5612633,5.999932
1809,75,2.748068,3.71506
1810,230,2.827671,3.7838578
1811,273,2.9067295,3.7837658
1812,75,2.700403,3.7667515
1813,176,2.9269772,3.9761477
1814,75,2.742887,3.7128997
1815,230,2.9357653,3.8966315
1816,75,2.707808,3.7059736
1817,273,2.9309323,3.8055723
1818,311,2.5555239,3.794935
1819,230,2.7768633,3.732988
1820,75,2.7264075,3.7027552
1821,273,2.9509175,3.767818
1822,75,2.7143478,3.740313
1823,230,2.8818831,3.8972256
1824,230,2.716741,3.9265733
1825,75,2.7236474,3.7337098
1826,273,2.9767537,3.783272
1827,75,2.7127688,3.7023745
1828,235,2.5355444,1.0760217
1829,231,2.6438162,0.7118958
1830,54,2.6630273,0.6918604
1831,54,2.6509273,0.69653183
1832,54,2.629482,0.721786
1833,54,2.6456494,0.7227256
1834,231,2.6445022,0.709796
1835,54,2.693383,0.668384
1836,54,2.6150396,0.7364554
1837,276,2.6657069,0.6701785
1838,231,2.6605413,0.6873862
1839,54,2.6267543,0.7258389
1840,231,2.6343465,0.69101113
1841,276,2.6786633,0.6248393
1842,54,2.6386476,0.70820624
1843,54,2.6524777,0.70375896
1844,276,2.6627276,0.6700941
1845,231,2.6630776,0.680678
1846,276,2.6658368,0.66470456
1847,54,2.6605525,0.68421805
1848,43,1.18506,2.5779402
1849,3,1.47681,2.6665833
1850,216,1.4053395,2.6402543
1851,43,1.1621379,2.5387602
1852,144,1.3721224,2.7841642
1853,216,1.425193,2.6637125
1854,43,1.1608498,2.4751794
1855,3,1.536158,2.5971541
1856,216,1.3496825,2.6017663
1857,43,1.171247,2.4977481
1858,3,1.388685,2.607726
1859,43,1.2552601,2.551306
1860,43,1.1268427,2.4933379
1861,43,1.3696051,2.5241773
1862,43,1.2610596,2.499088
1863,43,1.0881928,2.5238767
1864,3,1.4490817,2.5369651
1865,216,1.3324327,2.5666509
1866,43,1.171946,2.439095
1867,271,2.389582,1.8358103
1868,103,2.3029547,2.7175217
1869,268,1.8094922,3.1740217
1870,327,-3.4982831,6.0588202
1871,103,2.0105762,3.18858
1872,103,2.1104174,3.231547
1873,103,2.1198127,3.0425463
1874,151,2.3536024,1.7711987
1875,125,1.1927503,3.3630788
1876,40,1.2970831,3.3489316
1877,125,1.2783294,3.2062755
1878,310,2.2976158,4.6366844
1879,125,1.2949529,3.2793267
1880,249,1.4498215,3.4346552
1881,268,1.6118546,3.1881251
1882,125,1.1841697,3.3233945
1883,151,2.3053865,1.789486
1884,3,1.4100165,2.5552928
1885,3,1.4638164,2.6088355
1886,40,1.3214151,3.1855433
1887,268,1.5022156,2.9958088
1888,3,1.5343041,2.7034094
1889,3,1.4987851,2.6415212
1890,144,1.3608223,2.6689296
1891,3,1.4655571,2.5435693
1892,3,1.4033495,2.7586267
1893,144,1.4274684,2.816221
1894,40,1.3271447,3.235476
1895,144,1.426276,2.9916203
1896,3,1.5246099,2.6193976
1897,3,1.5138804,2.4783285
1898,3,1.4814069,2.5347066
1899,40,1.2190629,3.453337
1900,144,1.3020909,2.9457715
1901,144,1.3798476,2.8140085
1902,144,1.3777866,2.7055056
1903,87,2.4219592,3.8272245
1904,311,2.381624,4.177702
1905,106,1.121519,3.7267184
1906,279,1.6233373,3.8124638
1907,191,2.0287488,4.2335505
1908,191,1.6062697,3.8457017
1909,191,1.6561632,3.7763247
1910,281,1.3406463,3.7147
1911,279,1.5689611,3.8209555
1912,249,1.5323278,3.6182623
1913,191,1.7499284,3.854594
1914,191,1.7055002,3.8403862
1915,313,1.5722692,3.661687
1916,106,1.1873713,3.6934578
1917,281,1.4427935,3.7654727
1918,279,1.5884881,3.7942054
1919,281,1.4002298,3.769662
1920,281,1.3055192,3.6791158
1921,191,1.722815,3.6463315
1922,279,1.5859036,3.7625315
1923,271,2.387564,1.760935
1924,117,1.7710093,2.0723245
1925,3,1.4957732,2.52587
1926,151,2.191338,1.8051412
1927,3,1.5708098,2.3683877
1928,117,1.744647,2.0839736
1929,216,1.3808657,2.5527117
1930,117,1.7883104,2.0353248
1931,3,1.4695909,2.6182556
1932,151,2.0303771,1.8946096
1933,43,1.2528155,2.4953167
1934,117,1.6621772,2.1783066
1935,3,1.561042,2.4159079
1936,117,1.7781082,2.0312738
1937,3,1.4537985,2.4958832
1938,117,1.7432711,2.0823781
1939,3,1.4899306,2.4692402
1940,117,1.7546091,2.0554383
1941,3,1.5076027,2.522048
1942,117,1.9514587,1.9057826
1943,229,-4.1100016,3.056754
1944,6,-4.1010723,3.0704775
1945,6,-4.1553607,3.0103278
1946,229,-4.152828,3.0543222
1947,229,-4.1082196,3.0661411
1948,229,-4.101982,3.0702376
1949,6,-4.0841265,3.0887105
1950,6,-4.1428003,3.0303988
1951,229,-4.1594915,3.0178363
1952,6,-4.097905,3.0838435
1953,6,-4.1461124,3.023578
1954,6,-4.137168,3.022635
1955,6,-4.132854,3.0413506
1956,6,-4.148822,3.0230963
1957,6,-4.165694,3.004471
1958,6,-4.147784,3.0240767
1959,6,-4.17574,2.9947395
1960,6,-4.1189165,3.0518963
1961,6,-4.181101,2.988009
1962,72,2.339306,2.7073102
1963,72,2.3694596,2.428265
1964,72,2.3503332,2.7145045
1965,72,2.3518045,2.7509449
1966,277,2.3234258,2.7654607
1967,277,2.3368204,2.7353354
1968,149,2.3543286,2.7168915
1969,72,2.403355,2.6682947
1970,149,2.3248,2.7758298
1971,277,2.2651784,2.8037536
1972,149,2.2847815,2.720731
1973,149,2.3365161,2.7047443
1974,72,2.3465264,2.7149506
1975,72,2.3526397,2.7904816
1976,72,2.3660073,2.7213936
1977,149,2.3241322,2.7252426
1978,149,2.3642561,2.7029378
1979,149,2.3736835,2.6867077
1980,72,2.3578124,2.7614493
1981,348,6.048105,4.8844395
1982,190,6.172118,4.5967007
1983,190,6.1619897,4.478787
1984,188,6.1024356,4.645705
1985,349,6.1738777,4.464859
1986,348,6.0449643,4.889116
1987,190,6.2583227,4.693554
1988,190,6.1427875,4.560019
1989,188,6.136566,4.5806494
1990,188,6.3172607,4.6330357
1991,350,6.739686,4.300966
1992,190,6.1837645,4.553622
1993,188,6.3418016,4.6584315
1994,349,6.121637,4.43181
1995,351,2.3802772,1.7880979
1996,348,6.023596,4.895816
1997,188,6.40207,4.6966186
1998,349,6.1493506,4.4692416
1999,107,6.554939,4.7130985
2000,190,6.160678,4.5002475
2001,9,6.162178,6.7682223
2002,128,6.212524,6.8832664
2003,9,6.117383,6.7864857
2004,9,6.1591153,6.8080106
2005,9,6.1715784,6.7825556
2006,128,6.214665,6.8868856
2007,47,5.498987,6.8712945
2008,9,6.1445065,6.7885365
2009,9,5.825602,6.8266444
2010,128,6.2353907,6.8477693
2011,9,6.140936,6.8116775
2012,9,6.192526,6.8328443
2013,9,6.1869245,6.7863097
2014,128,6.262154,6.912711
2015,9,6.165333,6.7818904
2016,9,6.246963,6.7237253
2017,9,6.106032,6.7818475
2018,128,6.221275,6.8660164
2019,9,6.1376433,6.8261137
2020,9,6.200603,6.744318
2021,57,5.898867,3.876945
2022,2,6.146676,4.0148363
2023,226,5.9071856,3.8538587
2024,226,5.8620205,3.8551512
2025,272,5.99957,4.264806
2026,330,5.82657,3.861604
2027,264,6.1370935,4.0824704
2028,225,6.0534043,4.2457237
2029,57,5.889766,3.8563135
2030,57,6.020736,3.9722533
2031,226,5.8918047,3.8144822
2032,272,6.0135736,4.2310514
2033,226,5.8601995,3.862001
2034,264,6.2735934,4.0938764
2035,57,5.8848634,3.8235297
2036,272,6.0207944,4.181736
2037,226,5.854061,3.8138566
2038,272,5.998101,4.11992
2039,57,5.7818103,3.8548539
2040,264,6.047013,3.9909525
2041,116,7.4333916,4.209163
2042,265,6.7539463,5.2808013
2043,199,6.9658294,5.1088524
2044,325,6.6903863,5.2238703
2045,263,7.0545673,5.045406
2046,328,4.001996,11.802792
2047,234,6.75505,5.157362
2048,107,6.7413077,5.097137
2049,199,6.9171047,5.1240525
2050,325,6.7000675,5.2419944
2051,199,6.9980345,5.095609
2052,265,6.806535,5.242024
2053,263,7.0181427,5.0562177
2054,325,6.7230883,5.261371
2055,263,7.07226,5.0540032
2056,199,3.7936676,12.602657
2057,263,7.0456567,5.032627
2058,199,6.8522615,5.098767
2059,199,6.9081035,5.1178913
2060,2,6.3848143,4.3324127
2061,2,6.0926366,4.0766196
2062,264,6.065474,3.9895012
2063,2,6.5538545,4.1888094
2064,2,6.4087586,4.090966
2065,330,5.886541,3.831999
2066,2,6.552604,4.179419
2067,350,6.936502,4.263945
2068,2,6.6586943,4.203694
2069,2,6.6342187,4.1408033
2070,2,6.484258,4.33823
2071,2,6.6452546,4.143747
2072,2,6.6864557,4.141027
2073,2,6.3107452,4.1418886
2074,2,6.733968,4.1771774
2075,116,7.3417163,4.182305
2076,2,6.6759562,4.1562204
2077,2,6.705214,4.149656
2078,2,6.715405,4.18545
2079,2,6.737274,4.175937
2080,206,-0.060318053,10.677345
2081,4,0.52578133,-1.2125453
2082,4,0.5805782,-1.2627658
2083,4,0.5802543,-1.2079836
2084,4,0.5349913,-1.2196681
2085,4,0.56053907,-1.2138122
2086,4,0.5310912,-1.236592
2087,4,0.58660567,-1.189614
2088,4,0.5782985,-1.1968391
2089,4,0.52336985,-1.2108873
2090,4,0.5332701,-1.2283082
2091,4,0.5335941,-1.2369474
2092,4,0.5286551,-1.2205554
2093,4,0.53787094,-1.2248933
2094,4,0.5375139,-1.2227899
2095,4,0.5035558,-1.2105962
2096,4,0.5361214,-1.2370359
2097,4,0.5393167,-1.2422656
2098,4,0.5104866,-1.249868
2099,350,6.763884,4.229386
2100,225,6.0533834,4.3411446
2101,225,6.0195336,4.2386546
2102,225,6.0799165,4.329572
2103,330,5.858547,3.867113
2104,113,5.742181,3.8792703
2105,225,6.0989327,4.2875066
2106,113,5.8766217,3.8761237
2107,113,5.999242,3.968312
2108,57,5.906236,3.8634453
2109,113,5.9843383,4.0576587
2110,188,6.239268,4.280943
2111,57,5.8136644,3.9206927
2112,113,5.9616256,3.9243815
2113,57,6.022846,3.9364464
2114,113,5.946236,3.8646894
2115,113,5.932577,3.8770907
2116,113,5.882584,3.8919299
2117,57,5.902946,3.833191
2118,57,5.796201,4.0087223
2119,116,7.2918334,4.2141085
2120,235,2.3309402,1.7486571
2121,69,4.9248633,9.369471
2122,328,3.9841793,11.481333
2123,116,7.405724,4.1555867
2124,84,6.522712,5.0106697
2125,2,6.4154735,4.399681
2126,265,6.7622256,5.3312197
2127,69,4.819,9.396158
2128,2,6.360705,4.514038
2129,265,4.916649,9.447698
2130,235,2.3048623,1.7761347
2131,69,4.8710732,9.3708725
2132,9,6.163516,6.6294847
2133,69,4.865621,9.374771
2134,351,2.3644948,1.7946908
2135,256,3.9384065,4.9175334
2136,116,7.4247947,4.1626706
2137,69,4.908794,9.427608
2138,2,6.3694844,4.5054355
2139,30,6.4653645,5.020566
2140,84,6.5098014,5.369986
2141,30,6.2164655,5.1686625
2142,30,6.426717,5.130273
2143,30,6.3093643,5.259563
2144,84,6.51045,5.249783
2145,30,6.234417,5.291613
2146,30,6.2942634,5.267255
2147,30,6.2211633,5.1535654
2148,30,6.2438116,5.282515
2149,84,6.4719706,5.302162
2150,30,6.2501945,5.298744
2151,84,6.534058,5.2457366
2152,84,6.48302,5.2900043
2153,30,6.2866936,5.289202
2154,30,6.2573256,5.298198
2155,30,6.276959,5.297143
2156,84,6.552464,5.3011546
2157,84,6.5363,5.3149533
2158,84,6.523054,5.2974505
2159,234,2.4393733,5.542818
2160,207,7.053533,4.904471
2161,203,7.1689363,4.961796
2162,200,6.2982183,6.6468596
2163,207,6.816854,4.8044825
2164,203,7.14507,4.9540844
2165,200,6.317699,6.646654
2166,207,6.85803,4.792578
2167,203,7.1617208,4.970678
2168,200,6.294977,6.665039
2169,351,2.3846464,1.7678441
2170,203,7.197054,4.936763
2171,200,6.3145003,6.520263
2172,207,7.012663,4.926443
2173,203,7.16359,4.959977
2174,200,6.2988915,6.6860604
2175,207,7.067249,4.908104
2176,203,7.197132,4.9672804
2177,200,6.295825,6.677449
2178,207,7.0452447,4.894137
2179,197,-0.7886836,5.163399
2180,180,-0.47108492,4.4606185
2181,82,-0.55006915,5.0246024
2182,63,-0.41367033,4.527763
2183,63,-0.47669956,4.4418254
2184,82,-0.5013656,4.950179
2185,63,-0.47228047,4.5708694
2186,67,-0.31029028,4.751905
2187,63,-0.48387992,4.4868565
2188,220,-0.47324228,4.874603
2189,82,-0.4502028,4.883034
2190,67,-0.31387386,4.7458053
2191,82,-0.37699324,4.837394
2192,82,-0.52062315,4.9632254
2193,67,-0.2572051,4.959787
2194,82,-0.4304739,4.9063635
2195,220,-0.49603707,4.9025702
2196,220,-0.4288027,4.8905144
2197,67,-0.31729165,4.794605
2198,219,-0.8159871,5.7603817
2199,100,0.7541114,9.789443
2200,218,-0.59877104,6.6117725
2201,147,1.2021773,9.045597
2202,219,-0.79962754,6.1818056
2203,168,5.126608,6.9167137
2204,100,0.66136736,9.947403
2205,218,-0.7652124,6.6562533
2206,219,-0.73083526,6.21567
2207,219,-0.7527483,6.2204866
2208,145,-0.76134735,6.687848
2209,145,-0.77982754,6.708411
2210,145,-0.7880783,6.6921124
2211,218,-0.7519946,6.5515494
2212,145,-0.79260266,6.7012534
2213,145,-0.78484964,6.7266083
2214,145,-0.78361624,6.7458873
2215,145,-0.8117108,6.700292
2216,218,-0.79323155,6.6527267
2217,218,-0.80057627,6.642476
2218,197,-0.77154684,5.1562576
2219,180,-0.46368802,4.429126
2220,63,-0.50208485,4.395732
2221,67,-0.4097609,4.7467566
2222,63,-0.4964527,4.404447
2223,82,-0.6331205,5.013475
2224,63,-0.48433653,4.437101
2225,82,-0.56697536,4.963229
2226,67,-0.2385369,4.7478523
2227,180,-0.30848506,4.586297
2228,180,-0.32004175,4.627255
2229,180,-0.35998708,4.5230136
2230,63,-0.4364421,4.686285
2231,63,-0.40042183,4.7311773
2232,220,-0.42652157,4.868841
2233,220,-0.47088104,4.847597
2234,67,-0.33068594,4.6443233
2235,241,0.543662,4.4299192
2236,314,0.6918574,4.0867157
2237,324,0.40997824,4.38057
2238,314,1.2106161,3.9444861
2239,150,0.71132016,3.8117723
2240,314,0.6027816,3.8835242
2241,92,0.47466415,4.1984053
2242,92,0.49455637,4.098815
2243,241,0.53088593,4.3703084
2244,324,0.57782906,4.3177867
2245,92,0.3722692,4.350047
2246,150,0.6045584,3.8530426
2247,92,0.3449279,4.2859387
2248,150,0.4955929,4.0470047
2249,241,0.51426107,4.343203
2250,324,0.60098547,4.3371673
2251,92,0.3035031,4.37555
2252,150,0.5913644,3.904239
2253,92,0.4884813,4.1837273
2254,162,1.4222385,5.405532
2255,77,1.6602285,5.5999436
2256,77,1.65494,5.615
2257,339,1.4466901,5.3702793
2258,77,1.6648549,5.6359534
2259,130,1.6633925,5.6809053
2260,130,1.6317444,5.7678432
2261,162,1.5133168,5.577978
2262,77,1.7034689,5.6282167
2263,130,1.6774837,5.634975
2264,162,1.5221015,5.494554
2265,130,1.6763589,5.6563206
2266,130,1.5547326,5.557757
2267,130,1.6590543,5.6746645
2268,162,1.4592339,5.42647
2269,77,1.6854643,5.6035266
2270,162,1.574396,5.527015
2271,77,1.676744,5.633606
2272,162,1.629712,5.6889343
2273,77,1.6710137,5.6207995
2274,197,-1.075352,5.2851706
2275,71,-0.9583543,5.1864886
2276,217,-1.1352432,5.2694125
2277,71,-0.9506656,5.2285757
2278,158,-1.20485,5.4111695
2279,71,-0.9003163,5.2287164
2280,158,-1.2763425,5.3654284
2281,158,-1.2749738,5.3705072
2282,71,-0.9341576,5.225466
2283,217,-1.2288581,5.3477592
2284,71,-0.9698146,5.2376003
2285,217,-1.217744,5.365992
2286,71,-1.0303279,5.279186
2287,217,-1.2716151,5.3488193
2288,158,-1.2989854,5.296952
2289,71,-0.92825645,5.201256
2290,158,-1.352373,5.45176
2291,158,-1.3181852,5.397402
2292,13,0.18384881,6.100354
2293,13,0.16937572,6.095501
2294,294,2.9945157,8.064137
2295,13,0.18177822,6.1228037
2296,13,0.13282159,6.0263667
2297,235,2.2844925,1.737619
2298,13,0.17061393,5.8487287
2299,69,4.9728765,9.329225
2300,294,2.9622684,8.030057
2301,13,0.18374315,6.0951157
2302,294,2.9413424,7.9938045
2303,13,2.2654634,1.7982997
2304,197,-0.33194056,5.253065
2305,69,5.044648,9.424964
2306,67,-0.1044964,5.3553567
2307,13,0.19267848,6.119798
2308,13,0.18610679,6.022577
2309,13,0.26701146,6.109
2310,294,0.14327376,5.5699034
2311,13,0.1804082,6.0806856
2312,197,-0.8306604,5.193856
2313,71,-0.9420951,5.144107
2314,126,-0.8846753,4.7711763
2315,320,-0.6405604,4.296819
2316,126,-0.83330965,4.596211
2317,219,-0.98941034,5.0004287
2318,320,-0.6310665,4.378951
2319,126,-0.9155485,4.6524777
2320,320,-0.61631805,4.388817
2321,126,-0.8527692,4.593822
2322,126,-0.7811874,4.5917535
2323,152,-0.82036155,4.524788
2324,152,-0.8288349,4.5126157
2325,152,-0.80779284,4.4735193
2326,152,-0.7143999,4.4891777
2327,152,-0.78552395,4.4827204
2328,152,-0.8256402,4.5372024
2329,126,-0.95397496,4.6226907
2330,146,-0.6664899,5.8678703
2331,300,-0.47927162,5.55678
2332,110,-0.5879664,5.4234138
2333,146,-0.7057023,5.856572
2334,300,-0.5200087,5.618269
2335,110,-0.56241417,5.3711834
2336,110,-0.6099482,5.484201
2337,110,-0.5586183,5.421691
2338,146,-0.7091491,5.9592957
2339,110,-0.5804649,5.451554
2340,110,-0.5607491,5.346395
2341,52,-1.3792632,1.434432
2342,300,-0.48232248,5.595823
2343,146,-0.6561663,5.9830422
2344,110,-0.5787557,5.5225
2345,110,-0.5187113,5.3519487
2346,146,-0.6431678,5.770382
2347,300,-0.51110697,5.643153
2348,146,-0.68017316,5.9099693
2349,60,-0.51748836,4.2746387
2350,151,2.3112288,1.7664124
2351,60,-0.719094,4.1432185
2352,60,-0.64128786,4.1017227
2353,166,-0.79284215,4.0066986
2354,166,-0.77179086,4.0461726
2355,60,-0.66428167,4.1588745
2356,13,0.18959863,6.1208525
2357,60,-0.6486807,4.122919
2358,151,2.2967901,1.7647538
2359,166,-0.78673494,4.0418515
2360,60,-0.6670624,4.0967436
2361,166,-0.7992673,4.0312133
2362,13,0.100965954,6.0870504
2363,60,-0.67231464,4.087364
2364,42,4.5817485,1.7660602
2365,42,4.538316,1.849422
2366,42,4.627073,1.7538345
2367,49,4.703643,1.9810383
2368,48,-2.749854,6.6846976
2369,295,1.6540824,4.9585752
2370,339,1.3699228,5.188705
2371,64,1.1392181,5.1847067
2372,322,0.80703384,4.989813
2373,134,1.0849593,4.557459
2374,260,1.1147532,4.209507
2375,282,0.7671481,5.0044694
2376,198,0.81673783,4.0799737
2377,260,1.0761172,4.516949
2378,260,1.206958,4.2370834
2379,66,3.8180096,12.226098
2380,212,4.011031,12.435493
2381,14,1.3112856,6.7112937
2382,14,1.2769026,6.646635
2383,329,1.4800289,6.622601
2384,14,1.2788033,6.6477427
2385,37,4.0704374,9.747705
2386,45,-3.039452,6.5544395
2387,45,-3.0071177,6.5581903
2388,73,-3.1840174,6.7120657
2389,56,-3.593993,5.947251
2390,56,-3.6061099,5.9388995
2391,253,3.6273627,4.4497495
2392,48,-2.5928392,6.6692977
2393,16,2.0158105,5.9024234
2394,130,1.7436862,5.731575
2395,111,3.8154805,11.049235
2396,261,3.446699,11.271232
2397,111,3.529218,11.475257
2398,20,3.4105206,12.010757
2399,89,-2.0990598,6.0091486
2400,53,0.1975105,3.6833704
2401,53,0.27322644,3.7023928
2402,53,0.23290455,3.8989627
2403,53,0.17214856,3.9666784
2404,53,0.21579874,3.684325
2405,112,4.7775617,3.929538
2406,124,2.8720207,8.2376375
2407,0,0.17644978,3.125079
2408,0,0.066984415,3.0703692
2409,0,0.11677204,3.178303
2410,0,0.34607726,3.7786179
2411,108,4.0530586,5.0101047
2412,106,0.9307799,3.7346294
2413,12,4.1135836,6.3444576
2414,175,3.85054,6.964365
2415,96,1.9079517,11.459587
2416,98,1.938476,9.276062
2417,35,2.6314037,7.5933657
2418,332,2.6812766,7.7388735
2419,15,1.8824254,8.802755
2420,138,2.2543178,9.607941
2421,278,2.3521852,8.518184
2422,81,1.1679617,11.7913475
2423,194,2.443145,13.70357
2424,26,2.398243,13.746849
2425,184,3.2634823,13.149007
2426,214,0.08371005,10.946216
2427,93,0.5586988,7.677109
2428,65,-1.312019,8.392022
2429,29,-1.4886572,9.281027
2430,182,3.2815409,13.117396
2431,224,1.700019,8.20477
2432,88,1.5569868,11.916332
2433,143,2.920882,8.900465
2434,1,2.7430823,-0.96058935
2435,240,4.7318087,5.69568
2436,28,2.2719781,5.507695
2437,75,2.7265244,3.6730542
2438,40,1.2423502,3.3481145
2439,310,2.119233,4.6389675
2440,40,1.2673079,3.3718915
2441,6,-4.163188,3.0012524
2442,277,2.2707427,2.771301
2443,67,-0.503563,4.523311
2444,180,-0.3946463,4.5683923
2445,82,-0.37185535,4.699986
2446,71,-0.96614206,5.2431893
2447,126,-0.9079997,4.7673855
2448,60,-0.687351,4.1641364
2449,166,-0.75887495,4.0500097
2450,60,-0.7025191,4.0783877
2451,80,-2.918311,6.5800815
2452,134,0.98417807,4.671607
2453,154,4.227629,9.563666
2454,55,-3.2692177,6.3032174
2455,73,-3.2195733,6.7436
2456,250,4.813519,5.69398
2457,23,5.758986,9.537558
2458,67,-0.26635775,4.694814
2459,56,-3.616716,5.9269094
2460,298,-3.1091266,6.1043606
2461,89,-1.9639992,5.919283
2462,282,0.83336073,5.097167
2463,17,2.445377,7.0815115
2464,55,-3.2945576,6.277166
2465,0,0.1505629,3.1403627
2466,137,8.727969,3.5579112
2467,48,-2.6657424,6.6606145
2468,80,-2.9311059,6.584679
2469,306,4.2026114,12.36216
2470,32,4.2777514,9.517534
2471,45,-3.0834022,6.599359
2472,298,-2.9950576,6.150998
2473,192,3.5585163,6.2742567
2474,89,-2.0894969,6.001328
2475,87,2.0341303,3.8755996
2476,17,2.4856758,7.1823955
2477,164,2.818223,7.385859
2478,209,3.2585046,13.152353
2479,152,-0.7023855,4.463698
2480,146,-0.75211805,5.961085
