doc_id,umap_dim1,umap_dim2
0,-0.37813956,11.13103
1,-0.23751435,11.035511
2,-0.7900001,10.829024
3,-0.516762,8.081821
4,0.24266076,11.226377
5,0.051394243,11.030028
6,-0.41665202,11.035803
7,-0.21685024,10.957974
8,-0.14619689,10.92478
9,0.012670567,10.934126
10,0.830697,13.264504
11,0.38121492,11.243306
12,0.34939182,11.543319
13,0.03219119,6.462784
14,0.32200623,11.525414
15,0.43745747,11.558262
16,0.86938506,13.319458
17,0.49291033,11.639427
18,0.23669037,11.112211
19,0.66399777,12.58595
20,-0.9333455,8.073639
21,1.0096833,3.5892968
22,0.4977411,11.182412
23,1.1735551,6.3312774
24,1.7059963,11.973648
25,0.308438,11.12293
26,1.102471,6.528699
27,0.34549764,11.165231
28,0.46431047,11.170587
29,0.1227661,12.515747
30,3.4278955,12.287315
31,4.024529,11.103392
32,3.8919668,11.973368
33,3.288716,12.041325
34,3.3279417,11.930935
35,3.6511579,11.68103
36,4.010533,11.765006
37,3.229414,11.620574
38,3.3525438,11.840096
39,3.07984,10.892835
40,-2.6496828,4.3990235
41,2.8340194,10.872391
42,0.445267,10.651557
43,0.5557014,10.552727
44,0.44384432,11.080711
45,0.35559458,11.033352
46,0.48889494,10.75458
47,3.0386245,10.694393
48,2.9426477,11.042743
49,0.36492875,10.929008
50,-3.6024704,8.984823
51,-3.5070953,8.819998
52,-3.4173121,9.114775
53,-3.5164332,9.041371
54,-3.603353,8.992402
55,-3.558906,9.040699
56,-3.3642104,9.148458
57,-3.591132,8.981819
58,-3.546926,9.041296
59,-3.6410568,9.0194645
60,1.157616,3.397051
61,1.2063221,3.3121178
62,1.1868747,3.3465161
63,1.1843448,3.3994458
64,1.1634524,3.4248254
65,1.1687515,3.4170861
66,1.1667191,3.438408
67,1.1661249,3.4496686
68,1.198723,3.3573158
69,1.1556724,3.3230646
70,1.2649893,3.4190602
71,1.2597328,3.3620636
72,1.2866895,3.3366044
73,1.2760323,3.3928504
74,1.3107204,3.384803
75,1.2539918,3.2941368
76,1.307536,3.4075527
77,1.2301391,3.2928329
78,1.2707694,3.4168375
79,1.2758732,3.281245
80,1.1449593,3.0217779
81,1.1428239,3.0883014
82,1.1862494,3.2552843
83,1.130492,3.0562994
84,1.0817318,2.897202
85,1.1183485,3.0499048
86,1.0852041,2.9967427
87,1.1269857,2.9904056
88,1.1390404,3.0335073
89,1.1375055,3.0330675
90,-3.3794715,9.146771
91,-3.2711332,9.244686
92,-3.382262,9.115931
93,-3.4059405,9.143235
94,-3.4344285,9.127031
95,-3.3942647,9.13473
96,-3.5508142,9.072312
97,-1.2136186,7.0494676
98,-2.046329,6.984559
99,-1.9017102,6.9734964
100,-1.2806889,7.183439
101,-1.8822881,7.0878787
102,-1.4560803,7.3921676
103,-1.9042977,7.2570224
104,-2.4959154,6.523067
105,-1.9949533,7.1602774
106,-1.8052186,7.1607876
107,-1.6347902,7.0535846
108,-1.9974456,6.9555774
109,-1.9152142,7.012631
110,-2.4629567,11.319264
111,-1.8919871,7.0245204
112,-1.4116213,7.398915
113,-1.9019071,7.241381
114,-2.1987045,6.6516943
115,-1.9161291,7.129744
116,-1.8418492,7.179993
117,-1.5114272,6.9956293
118,-2.1199746,7.116101
119,-2.0236158,7.0243225
120,-2.579511,7.1000414
121,-2.0646594,7.1856265
122,-1.6321617,7.354896
123,-2.0310056,7.180919
124,-2.3058534,6.908496
125,-2.0895991,6.983025
126,-1.9828775,7.125743
127,-0.5896388,7.825804
128,3.1257617,10.581792
129,-0.5177803,7.724413
130,-1.8861464,6.948534
131,-1.5586057,7.414016
132,-1.3961077,7.474308
133,-1.9387215,7.3271375
134,-2.2428634,7.043696
135,-1.3168159,7.6182213
136,-1.1889209,7.5940356
137,-1.249442,7.00503
138,-1.920903,7.0103383
139,-1.9798439,7.2336254
140,-1.9992481,7.21406
141,-1.5910913,6.6468625
142,-1.8029113,7.176595
143,3.8686602,13.6663
144,4.157445,12.905151
145,3.9796371,12.668258
146,3.6263902,11.031283
147,3.9929566,12.399993
148,3.9474168,12.417472
149,3.5219498,11.848887
150,3.7790277,12.494865
151,3.450286,11.999602
152,2.950218,11.160979
153,4.137362,12.599727
154,4.0948715,12.50355
155,4.072105,12.441559
156,3.9666705,12.484054
157,4.02716,11.90222
158,4.0663285,12.375773
159,3.9819772,12.41432
160,3.9398832,12.480631
161,4.0518093,12.313754
162,3.9327667,12.463691
163,3.678274,12.554075
164,3.0782387,12.389739
165,3.3504918,12.47254
166,3.6448429,12.4924
167,3.989546,12.507137
168,3.7007284,12.552227
169,3.796116,12.624054
170,3.5659957,12.528649
171,3.661345,12.61286
172,3.9678001,12.705104
173,4.412959,12.7685375
174,4.306628,12.762056
175,4.370392,12.731476
176,4.4548593,12.707096
177,4.4595046,12.735375
178,4.406643,12.736421
179,4.411875,12.736222
180,4.455627,12.709035
181,4.417476,12.75172
182,4.4145856,12.731811
183,-1.8626645,7.4726896
184,3.6852384,12.409095
185,3.9073672,12.5877695
186,3.4485807,12.48352
187,3.8770237,12.6041565
188,3.8384879,12.5359745
189,3.8525078,12.478099
190,3.8706322,12.607049
191,4.0495896,12.556785
192,3.8455997,12.550078
193,-1.3317425,8.524306
194,-1.3370106,8.51365
195,-1.2841916,8.470768
196,-1.1592424,8.284109
197,-1.3158426,8.461034
198,-1.3869348,8.635764
199,-1.1601032,8.504481
200,-1.3335037,8.562078
201,-1.3370315,8.561472
202,-1.2808651,8.479602
203,-1.252168,8.481338
204,-0.52771646,7.608031
205,-1.2381963,8.47671
206,-1.0998292,7.864298
207,-1.2750264,7.981048
208,-1.2814556,8.556979
209,-1.142671,8.514564
210,-1.1857526,8.567403
211,-1.2961128,8.558984
212,-1.231046,8.442236
213,-1.3076427,8.607662
214,-1.317303,8.622417
215,-1.3313239,8.584462
216,-1.2158933,8.337369
217,-1.3227586,8.544427
218,-1.3060397,8.605285
219,-1.1695436,8.552059
220,-1.3002553,8.61488
221,-1.3273922,8.583496
222,-1.2646732,8.519334
223,0.8356157,13.21261
224,3.4275708,12.122384
225,0.93115616,12.693384
226,0.34423018,11.73204
227,0.98602915,12.836867
228,3.4476962,11.880688
229,0.90601665,12.714327
230,1.1470367,12.9212055
231,0.8804399,11.721743
232,0.826666,13.233289
233,0.81470066,13.243303
234,0.87810725,13.018851
235,1.0398418,12.92363
236,0.8278967,13.234221
237,3.559244,13.767697
238,0.8315291,13.188954
239,0.8848962,13.04384
240,0.764085,13.237395
241,0.73205227,12.769525
242,0.86030096,13.211228
243,3.0509593,10.433681
244,2.070164,9.588239
245,3.00207,10.868612
246,2.433377,10.31425
247,2.7024076,10.14921
248,2.4231641,10.284175
249,2.9580207,9.98093
250,0.3710825,10.713632
251,2.451164,10.232641
252,2.3453593,10.314919
253,3.353561,11.730439
254,-2.1382384,3.7100487
255,-2.5409505,4.2598557
256,0.47971824,10.4685135
257,-2.2999544,3.9972718
258,0.50916564,10.361005
259,0.402111,10.309702
260,0.57697004,10.551704
261,-2.336902,4.090316
262,-2.4477603,4.153307
263,1.3942937,9.255369
264,1.5163351,9.313872
265,1.4815296,9.249107
266,1.5175844,9.304304
267,1.5345118,9.245707
268,1.510174,9.234623
269,1.4892372,9.131004
270,1.5022928,9.337778
271,1.4742057,9.201267
272,1.5990143,9.371626
273,3.0005922,9.929788
274,2.8978179,10.056367
275,3.0792131,9.851763
276,3.064694,9.979073
277,-2.1368454,6.7223887
278,2.9048064,10.022803
279,3.1153338,9.811127
280,3.0893795,10.115484
281,2.9743762,9.987603
282,2.9923103,9.873468
283,2.1966991,9.517821
284,2.0263212,9.595081
285,-0.19828862,7.926871
286,2.126766,9.5131035
287,2.108575,9.610568
288,2.095028,9.57392
289,2.1306272,9.536269
290,0.58669925,8.054711
291,2.1162436,9.524571
292,2.023412,9.624396
293,2.9113083,10.467916
294,3.034224,10.483183
295,3.122655,10.554637
296,2.9739091,10.475309
297,3.0966358,10.515867
298,3.0199008,10.460696
299,3.1011312,10.544348
300,3.2471254,10.687277
301,3.0983486,10.532248
302,3.1045704,10.571144
303,3.9915128,10.992003
304,3.9790523,10.984202
305,3.9993694,10.98916
306,3.9828403,11.01992
307,3.983697,11.019145
308,3.9917467,10.988837
309,4.000032,10.993754
310,3.9990509,11.04882
311,3.9641283,10.985315
312,3.9662004,10.997068
313,-0.03489059,8.076197
314,0.51747495,8.406449
315,2.6765883,9.681266
316,0.41307738,8.376728
317,2.449924,9.523231
318,0.03350651,12.246695
319,0.58687854,8.49867
320,0.558881,8.31006
321,0.35985157,8.279052
322,0.31470466,8.171402
323,-3.1621342,8.302881
324,3.8347843,12.549522
325,2.658813,9.880495
326,2.5919223,9.738813
327,2.831217,10.2197695
328,2.726857,10.108216
329,3.2022111,10.455995
330,2.8364096,9.891357
331,2.9525301,9.814252
332,3.0336359,9.897835
333,3.2376618,9.7296915
334,0.2255161,10.886253
335,2.6268768,10.065282
336,0.23236737,10.839123
337,2.616477,10.049757
338,0.32396126,10.723171
339,3.2633643,9.728326
340,0.27505016,10.8705
341,2.8033981,10.200867
342,0.3068519,10.8057785
343,-3.776526,8.888793
344,-3.7727232,8.9133215
345,-3.7416983,8.925378
346,-3.5699987,8.745279
347,-3.7899055,8.941575
348,-3.7748148,8.902504
349,-3.791205,8.90272
350,-3.8034077,8.976742
351,-3.7696362,8.9312725
352,-3.7746158,8.906267
353,-4.3580365,9.166137
354,-4.24935,9.14672
355,-4.304566,9.140821
356,-4.263551,9.140959
357,-4.319766,9.153012
358,-4.322798,9.14868
359,-4.2726126,9.134699
360,-4.2250023,9.126916
361,-4.330523,9.155455
362,-4.207,9.125907
363,-3.908312,8.80478
364,-3.928721,8.794759
365,-3.910626,8.811097
366,-3.9029546,8.800777
367,-3.9365501,8.771883
368,-3.9282236,8.798592
369,-3.927683,8.807258
370,-3.904472,8.8220215
371,-3.9150293,8.821184
372,-3.9446816,8.779075
373,-4.827388,9.1911955
374,-4.828366,9.210108
375,-4.854259,9.209322
376,-4.816242,9.196562
377,-4.842423,9.209183
378,-4.8171015,9.181428
379,-4.855598,9.205859
380,-4.8082504,9.181365
381,-4.859626,9.206482
382,-4.814791,9.181775
383,1.3764853,5.63817
384,1.2929001,5.687198
385,1.4912119,5.485271
386,1.3175887,5.747573
387,2.9095879,11.91951
388,1.4805285,5.7871847
389,1.2776084,5.6707125
390,-3.285894,9.163466
391,1.4314369,5.8354683
392,1.3582225,5.735911
393,-3.1457446,8.305871
394,-0.34394112,7.683793
395,0.14189619,7.324392
396,3.3945928,11.440822
397,3.4166822,11.428745
398,0.75746125,7.0763965
399,0.84235567,7.034092
400,0.971471,7.225919
401,-0.05605793,7.246598
402,0.19013338,7.7961426
403,-0.34203678,7.7311683
404,-0.33624247,7.3855414
405,-0.43003738,7.20427
406,-3.1123896,8.145446
407,3.2861059,11.453182
408,-0.36583364,7.503648
409,-0.16417709,7.1576657
410,3.317116,11.519168
411,-0.41995373,7.6366057
412,0.020138279,7.4296308
413,-0.41215822,7.7231402
414,0.22742487,7.4535565
415,1.4072541,9.943173
416,-0.69328654,10.838026
417,0.7114518,9.825059
418,-0.21297778,12.126579
419,1.4674209,9.816471
420,0.19599995,7.292363
421,0.34078982,12.3252945
422,0.082428046,7.303945
423,-0.3944432,7.7781806
424,-0.40424657,7.716875
425,-0.6254112,7.607246
426,-3.1671295,8.210937
427,-3.0108395,8.781459
428,0.6898301,7.0550265
429,-0.3093776,7.6209435
430,3.2914195,11.44736
431,0.6076589,7.2046013
432,0.07589508,7.377645
433,-0.45613894,7.3545036
434,3.4086885,11.368509
435,-0.35282934,7.6785374
436,0.4884399,7.3146276
437,1.1186519,7.2990646
438,-0.14502151,7.3600893
439,-0.118080854,7.2199626
440,0.7683025,7.0664535
441,-0.1280977,7.1558557
442,-0.1084889,7.419525
443,3.5664597,12.212159
444,3.9540558,12.568295
445,3.9064188,11.968864
446,3.4603996,12.197208
447,3.8045924,11.739038
448,4.719934,11.631408
449,4.924886,11.581872
450,3.6659405,11.762381
451,3.2629573,11.899526
452,3.3564336,11.958145
453,3.0513635,12.67083
454,3.2157073,12.388107
455,3.0448232,12.4353285
456,3.3152194,12.351434
457,3.202703,12.43414
458,3.1566682,12.369639
459,3.2233603,12.190778
460,2.9975195,12.5975485
461,3.0838697,12.426487
462,3.0953298,12.497531
463,2.987998,11.792672
464,3.0873327,11.886126
465,3.1004694,11.789674
466,-3.1968076,8.849327
467,3.0723498,11.978108
468,3.0884879,11.831362
469,3.092406,11.944254
470,3.8964112,11.04918
471,3.058865,11.860085
472,-3.037778,8.760924
473,-3.2040358,8.254218
474,-3.187459,8.241659
475,-3.2222543,8.234382
476,-3.2195988,8.283617
477,-3.1967518,8.244076
478,-3.2185996,8.248318
479,-3.2481728,8.376637
480,-3.2062652,8.26025
481,-3.2190506,8.253035
482,-3.107708,8.239778
483,3.0171869,12.3059225
484,3.069432,12.388992
485,3.036038,12.277664
486,3.0531485,12.107138
487,3.0140374,12.356446
488,2.991537,12.419844
489,3.1004417,12.22794
490,3.0509317,12.451495
491,3.047023,12.336449
492,3.0087197,12.295001
493,1.6706058,10.049653
494,1.5945317,9.240399
495,1.472442,9.207395
496,1.5887278,9.2122135
497,1.5911169,9.191105
498,1.5319078,9.315012
499,1.5787498,10.287
500,2.091625,9.933018
501,0.3410437,9.514538
502,2.1172922,9.602101
503,1.7860554,10.9158125
504,2.077667,10.777968
505,1.7474935,10.9418335
506,2.2609985,10.922424
507,1.5983963,9.264042
508,0.37737066,9.471545
509,2.026689,10.882569
510,3.0959857,10.323169
511,1.9887958,10.756361
512,1.9671781,10.8639145
513,1.8108327,10.9204
514,1.7564436,10.922805
515,1.4527599,10.913372
516,1.8265474,10.841857
517,1.3850142,11.205089
518,1.796714,10.867199
519,1.680848,11.085277
520,1.8240646,10.967793
521,1.8789142,10.823548
522,1.7922478,10.8975935
523,1.9774613,10.062107
524,1.402612,9.166955
525,2.300331,10.601285
526,1.9411073,9.595733
527,2.300456,10.25228
528,1.2305759,8.921485
529,0.33697802,9.500095
530,0.008307272,14.099197
531,2.241319,10.109321
532,1.7131308,10.46287
533,2.3315678,10.682289
534,2.2775881,10.716527
535,2.1473272,10.386763
536,1.9815838,10.9821615
537,2.2800865,10.745448
538,2.3163161,10.749361
539,2.2666535,10.746511
540,2.3111665,10.72181
541,2.3215823,10.701433
542,2.7883058,10.924392
543,-2.6245685,6.323241
544,-2.4123235,6.200891
545,-2.375275,6.187205
546,-2.9390924,6.216169
547,-2.7172542,6.3677387
548,-2.6285272,6.2487307
549,-2.7777255,6.500199
550,-2.6614559,6.464735
551,-2.695415,6.295284
552,-2.8153095,6.3851576
553,-2.8649566,6.307222
554,-2.8199036,6.3583436
555,-2.7713764,6.3123536
556,-2.7347748,6.307342
557,-2.825626,6.2888756
558,-2.9243517,6.2612305
559,-2.7519102,6.757101
560,-2.7994225,6.366847
561,-2.7486699,6.520472
562,-2.7522063,6.3996468
563,1.7472675,5.835252
564,2.787237,4.911169
565,2.7297008,4.7005177
566,1.8728808,5.5970974
567,2.683937,4.6026106
568,2.851195,4.749656
569,2.4376416,4.8433795
570,2.839777,4.8584933
571,2.6722324,4.823159
572,2.631317,4.735922
573,2.736421,4.738863
574,2.671402,4.765991
575,2.593036,4.7181363
576,2.6850393,4.75858
577,2.6998017,4.637542
578,2.748177,4.6708612
579,2.6617565,4.7504334
580,2.7152195,4.861058
581,2.696465,4.707876
582,1.6620681,5.4030595
583,1.6036364,5.3890305
584,2.0399873,4.4760075
585,2.8130143,4.9033337
586,2.7367473,4.7530074
587,2.0246902,4.9688673
588,2.4135911,4.6724358
589,2.1043065,4.51882
590,2.2472105,4.656641
591,2.4161258,4.7086535
592,1.9552147,4.409163
593,1.9921697,4.4604163
594,2.1725924,4.79489
595,2.817547,4.8104434
596,2.8428757,4.9545145
597,2.376891,4.6996083
598,2.6543155,4.723291
599,2.6917117,4.715374
600,2.5945683,4.845882
601,2.5391054,4.7857957
602,0.8516178,7.2198563
603,0.65028435,7.3987465
604,0.6126737,7.264059
605,-0.0055624093,7.0101233
606,-0.28558296,7.0490317
607,0.2839545,7.0160694
608,-1.0492013,5.487866
609,0.24832343,7.2266326
610,1.0030677,6.818789
611,0.12688373,6.6427784
612,0.23772344,7.2633677
613,0.33689007,7.0310063
614,0.35738936,7.313231
615,0.12096626,6.704431
616,0.36023074,7.055524
617,0.26115245,7.2143116
618,-0.11257815,7.0130997
619,0.30884063,7.226421
620,0.1286633,6.780483
621,0.2891999,7.233976
622,-0.6667627,5.7260995
623,-0.74552286,5.6405277
624,-1.1558406,5.7299833
625,-0.4446163,6.222808
626,-1.5146179,6.220507
627,-0.7491613,5.975361
628,-0.35539892,5.628707
629,1.8049448,12.015733
630,-1.170139,5.7802105
631,-0.10776571,6.295015
632,-0.63864654,5.883354
633,-1.5466317,5.828162
634,-0.78223264,5.7715325
635,-0.51269627,5.7220855
636,-1.0198749,5.929689
637,-1.2632451,5.634188
638,-2.0150306,6.1056824
639,-0.6835834,5.8684883
640,-0.8080294,5.462057
641,-1.1659364,5.8010297
642,1.5378062,9.187736
643,1.6286745,10.919219
644,1.3446345,10.848795
645,1.1311321,9.358012
646,-3.9757395,5.430603
647,0.34006518,9.525115
648,-0.065303065,12.968166
649,2.2581427,10.449054
650,1.1700348,9.318059
651,0.9819838,9.610741
652,0.63615125,10.46754
653,1.2384809,9.222651
654,2.1733584,10.12042
655,1.3609853,9.2175865
656,1.6951872,11.009428
657,1.1574606,9.343444
658,1.4431857,10.900149
659,0.3396329,9.54873
660,1.157244,9.502783
661,1.3647128,9.18151
662,1.7369471,12.117033
663,0.3477113,12.555742
664,0.06376525,14.210607
665,-0.061744668,6.8191557
666,0.9379381,10.161729
667,1.636371,11.088159
668,-0.086739995,12.03659
669,0.056086577,14.256773
670,0.03464966,6.7520084
671,0.3870348,11.953495
672,0.9027487,11.465739
673,0.006109492,11.979494
674,0.9950371,10.391594
675,-3.7354817,5.520946
676,0.6885067,11.645147
677,0.17716128,11.955982
678,0.5141011,11.8995
679,0.27713677,12.081019
680,0.49050012,11.984911
681,0.31146306,11.997705
682,-2.6377547,7.0286036
683,-2.6796877,7.045326
684,-2.6832209,7.0233474
685,-2.699278,7.06861
686,-2.657328,7.083363
687,-2.71978,7.0248904
688,-2.690882,7.121842
689,-2.694225,7.054835
690,-2.6740792,7.104228
691,-2.7097998,7.0607915
692,-2.599369,7.08736
693,-2.7001853,7.0799694
694,-2.6350088,7.0629454
695,-2.6580634,7.058411
696,-2.6312988,7.037069
697,-2.6886408,7.047192
698,-2.6976438,7.090768
699,-2.6974192,7.05438
700,-2.6580722,7.10876
701,-2.6448112,7.0783215
702,-0.08498129,12.278965
703,-2.1366236,6.2956614
704,-2.6298585,4.3672724
705,2.5555665,7.77553
706,1.7670823,12.05685
707,-1.1977049,6.5889053
708,-2.3780751,6.054605
709,-2.3760908,6.096426
710,-0.846982,6.7811823
711,-0.06932075,12.358792
712,-0.9532191,6.875042
713,-1.6591253,6.353758
714,-3.4494581,6.082267
715,-2.4157684,6.395328
716,-0.15345433,10.107802
717,-2.9188628,6.2175193
718,-0.079231,12.695384
719,-1.8441385,6.2872734
720,-0.9885263,6.7874966
721,-2.0908673,6.4086003
722,1.6852015,6.1436043
723,1.7710189,12.014456
724,-1.1608647,7.2223334
725,-0.19575533,7.1131597
726,-1.5478513,6.3811994
727,2.7122808,7.04905
728,0.94082344,6.3202286
729,1.0683465,6.627282
730,1.6753904,6.2870364
731,1.6673068,6.3971224
732,-2.2617805,6.1780634
733,0.08128374,6.4960585
734,-0.19563124,13.719546
735,1.5351084,6.594953
736,0.032526437,12.876596
737,1.7158859,5.5830092
738,-1.1578367,6.5395756
739,0.44930163,6.624036
740,2.5758193,7.4732714
741,-1.3699387,6.3041043
742,2.342322,6.5055885
743,2.5202575,6.7309747
744,2.269326,6.726192
745,2.483703,6.7686253
746,2.2981641,6.702684
747,2.3660653,6.7066364
748,2.6297863,6.373171
749,2.1688554,6.1016245
750,2.8900654,6.44104
751,2.5072942,6.7456703
752,2.5698934,6.782034
753,2.5435383,6.745827
754,2.78577,6.5212507
755,0.87563634,7.658041
756,2.5739543,6.8441625
757,2.6868062,6.6184583
758,2.6445286,6.706645
759,2.5610664,6.738352
760,2.5880954,6.524115
761,2.7460043,6.613859
762,6.552085,4.5440564
763,6.6943254,4.454551
764,6.54708,4.547567
765,6.694689,4.4394593
766,6.476763,4.613209
767,6.5547314,4.563829
768,6.696499,4.4433155
769,6.6521373,4.503564
770,6.5531435,4.5511847
771,6.7070904,4.4359913
772,6.424589,4.599279
773,6.4757056,4.60778
774,6.678275,4.4654045
775,6.47366,4.5847797
776,6.6570044,4.5005116
777,6.583473,4.516188
778,6.6661367,4.4765596
779,6.4147773,4.6446967
780,6.681698,4.45509
781,6.6459823,4.4999027
782,2.6225088,7.695037
783,1.8610058,7.439294
784,2.1798358,8.75574
785,1.8204378,7.6736507
786,1.7373291,8.920558
787,1.9792641,7.834634
788,1.5924963,7.5751386
789,2.0486753,7.850663
790,1.7882891,7.562495
791,2.1763928,8.9948
792,2.0870397,7.9006248
793,1.7877246,7.881387
794,1.9349808,7.9143114
795,1.9483937,7.8615813
796,1.8923064,7.804908
797,2.065856,7.848709
798,2.0037603,7.9146934
799,1.9419314,7.8831
800,2.027482,7.793502
801,2.0625167,7.7805047
802,1.7213277,6.7481003
803,1.8630985,7.0399976
804,1.7217721,7.26719
805,1.7498157,6.9879246
806,1.6930062,7.138237
807,1.968265,6.931175
808,1.840682,6.876256
809,1.7620505,7.232906
810,1.5974115,7.2967587
811,1.609838,7.431115
812,1.6013893,7.547181
813,1.5847074,7.370999
814,1.5495309,7.372622
815,1.5067545,7.435982
816,1.5183272,7.372631
817,1.573223,7.3493505
818,1.6076443,7.373728
819,1.5634494,7.3916907
820,1.6127547,7.3806987
821,1.5998596,7.3200145
822,6.0204067,4.681328
823,-2.0926747,3.6308777
824,6.237576,4.5963
825,6.273451,4.5974503
826,6.1323085,4.639629
827,6.3549013,4.5403485
828,6.2512813,4.6181755
829,6.1633983,4.634519
830,6.1337776,4.639612
831,6.402989,4.5636845
832,6.08836,4.6569333
833,6.1468306,4.632633
834,6.3322005,4.5894914
835,6.3166256,4.58839
836,6.385327,4.558127
837,6.3312063,4.583733
838,6.3900557,4.565178
839,6.340897,4.595225
840,6.358398,4.5698137
841,6.315901,4.5838017
842,2.805938,7.6294894
843,2.5703812,7.823113
844,2.9708583,7.8216558
845,2.974408,7.7177763
846,2.9876654,7.7921987
847,2.5828986,7.917251
848,2.9302175,7.8047833
849,2.6740763,7.4269547
850,2.8258505,7.89863
851,3.2185526,7.664386
852,3.0600905,7.732721
853,3.1953359,7.63074
854,2.9375002,7.7634354
855,3.2261617,7.665828
856,2.9370146,7.7863336
857,3.2267056,7.6632133
858,3.047075,7.741304
859,3.237044,7.6534805
860,2.9658866,7.8024073
861,3.2473102,7.657906
862,4.9315195,11.578015
863,3.093167,10.893945
864,4.8798966,11.62509
865,3.948416,11.935797
866,4.079863,11.904315
867,4.8668084,11.639035
868,3.947759,11.57068
869,4.8360515,11.606182
870,3.6956003,11.671192
871,4.9329643,11.581127
872,3.9915624,11.087456
873,4.9182715,11.584337
874,3.375136,11.816467
875,4.8994975,11.605913
876,4.008775,11.724651
877,4.9445724,11.574257
878,3.3544338,11.844023
879,4.920326,11.603752
880,3.277922,11.552932
881,4.9220247,11.589434
882,1.5262803,14.4278755
883,1.5140859,14.38644
884,1.5292087,14.472448
885,1.5175256,13.757496
886,1.014565,13.762504
887,1.5482147,14.5058
888,1.5172842,14.401438
889,1.6361552,14.781145
890,1.6019603,14.690649
891,1.629605,14.7676115
892,1.624995,14.748087
893,1.635269,14.774895
894,1.6242567,14.7591505
895,1.6288456,14.762122
896,1.6319109,14.782112
897,1.6575022,14.794112
898,1.6491698,14.797148
899,1.6326122,14.77345
900,1.6354194,14.78821
901,1.6314251,14.778775
902,1.7858692,8.120037
903,1.8506787,8.180149
904,1.584092,8.7476015
905,1.7177554,7.7766347
906,1.6254286,7.965562
907,1.6865484,8.595305
908,1.6574523,8.41825
909,1.7413065,8.105469
910,1.673031,8.032974
911,-1.5353253,6.256917
912,1.284845,8.345543
913,1.5380342,8.339509
914,1.8274527,8.100646
915,0.36397278,9.500592
916,1.8262264,8.000495
917,1.481609,8.068061
918,1.484249,8.813512
919,1.788817,7.9845567
920,2.0053034,8.008737
921,1.5631335,8.638749
922,4.475584,11.846312
923,4.5066385,11.863882
924,4.335748,12.044842
925,4.519891,11.887106
926,4.21534,11.816951
927,4.3154273,12.0400505
928,4.1314435,11.784487
929,4.7406735,11.734295
930,4.521648,12.545394
931,4.356294,12.221041
932,4.093702,11.262658
933,4.3528976,11.913173
934,4.2643733,12.251068
935,4.242782,11.891919
936,4.2415543,11.895836
937,4.3211617,11.915271
938,3.9463243,11.724471
939,4.0818367,11.679907
940,4.3596916,11.9031
941,4.25291,11.889651
942,-0.28308156,17.442877
943,-0.2918129,17.44433
944,-0.29722688,17.432775
945,-0.2917444,17.459347
946,-0.32363293,17.460634
947,-0.3138323,17.479403
948,-0.23636629,17.401617
949,-0.29165915,17.45997
950,1.7202247,11.116171
951,-0.31077462,17.477465
952,-0.30371734,17.474745
953,-0.3089737,17.467655
954,-0.27945256,17.460718
955,-0.30346426,17.469976
956,-0.28555283,17.455656
957,-0.28344598,17.446465
958,-0.2859419,17.471102
959,-0.29873154,17.463316
960,-0.28147057,17.436289
961,-0.30727383,17.42962
962,0.8439955,9.810669
963,2.1153717,9.920118
964,0.5900442,10.419125
965,0.68156695,7.467052
966,1.6051,9.220786
967,0.852316,8.637993
968,1.6628157,11.104722
969,1.3995641,10.200687
970,1.3920412,10.773011
971,0.4262529,8.34282
972,-1.9729809,6.671241
973,0.8177616,10.370068
974,1.1485555,9.349051
975,2.0984964,9.92225
976,1.5279863,12.818878
977,0.8829721,10.491976
978,0.7925837,10.830789
979,1.101364,8.870548
980,-0.24625932,12.215128
981,0.9386277,8.74919
982,1.6831229,10.997744
983,0.9188484,9.648519
984,2.1359477,9.921401
985,1.3827909,10.739548
986,0.5722533,11.9455
987,1.018156,10.401144
988,0.85571486,8.6345
989,1.7049526,10.92786
990,2.0924928,9.887862
991,1.4184425,10.837162
992,0.35607827,9.484642
993,-0.16985644,12.111926
994,0.8059545,8.603557
995,0.43056807,8.388832
996,0.95597434,10.093978
997,1.5426441,10.9727745
998,1.1168661,9.393599
999,1.5148085,11.003278
1000,1.522191,10.933106
1001,1.9670664,10.446467
1002,0.8564281,8.46732
1003,0.13821553,5.6525373
1004,0.8869027,8.696804
1005,0.8925799,8.081607
1006,0.74192905,8.038281
1007,0.88241935,8.562375
1008,0.5401235,8.095952
1009,0.91342443,8.330934
1010,0.8333842,7.9864554
1011,0.8438364,8.22806
1012,0.82724947,8.145354
1013,0.84491575,8.231612
1014,0.8048019,8.132693
1015,0.79035157,8.136152
1016,0.8116407,8.106323
1017,0.856733,8.121039
1018,0.67516404,8.099953
1019,0.8208979,8.09845
1020,0.90048516,8.137548
1021,0.7840193,8.094754
1022,1.9838414,10.019321
1023,1.7500328,10.833451
1024,1.9153346,10.40511
1025,2.4458425,10.1554785
1026,1.609356,11.010064
1027,2.0560198,9.980984
1028,1.991523,10.197525
1029,2.3495138,10.304276
1030,2.164936,10.372421
1031,1.9255217,10.04235
1032,2.157183,10.109442
1033,1.0452996,10.395348
1034,1.940106,10.102526
1035,1.8444968,10.370824
1036,2.1001475,9.933308
1037,1.6607445,11.0590105
1038,1.865667,10.270508
1039,2.6844287,10.13823
1040,2.090045,10.0542145
1041,1.9647167,9.88328
1042,0.74452513,10.857762
1043,0.5509446,11.048779
1044,0.91518915,10.871561
1045,1.1326294,9.775562
1046,0.52937126,10.393734
1047,0.67873794,7.58386
1048,1.1553085,10.907211
1049,0.54316115,12.290492
1050,0.6482228,10.564935
1051,0.80814594,10.734447
1052,0.022902526,12.977626
1053,1.1710143,9.33443
1054,0.3739875,9.591066
1055,0.724828,10.8326645
1056,0.86392766,10.869895
1057,1.0308344,10.873976
1058,0.7548284,10.9675
1059,0.6612471,11.09092
1060,0.6064368,11.493744
1061,0.7623139,10.665842
1062,2.0963562,10.448018
1063,1.7631881,10.767535
1064,1.6637226,10.521089
1065,0.3212492,9.487904
1066,2.0491784,10.144647
1067,2.7304366,9.813374
1068,1.690588,11.072816
1069,1.6123812,9.888492
1070,2.073323,9.936819
1071,1.7813189,10.380682
1072,0.57799023,6.5977387
1073,1.499893,9.267812
1074,1.6968058,10.5472355
1075,1.4220282,10.896703
1076,2.561643,9.592544
1077,0.3382523,9.509673
1078,1.4104723,9.263696
1079,0.30394566,13.1254225
1080,1.5110486,8.971215
1081,1.6586905,10.455064
1082,0.32337445,9.50038
1083,1.2779284,9.192413
1084,1.0242965,9.620126
1085,2.335108,10.306776
1086,1.9396852,10.396707
1087,0.6436465,7.4157696
1088,1.1535956,9.297048
1089,1.3277065,9.116925
1090,0.33819637,9.541347
1091,1.7158594,11.123443
1092,2.5550036,9.533827
1093,2.6147377,9.524416
1094,1.238412,9.236394
1095,0.2143245,10.890252
1096,0.34760526,9.525358
1097,1.010675,9.583443
1098,0.52791023,10.314224
1099,0.9273587,9.5697975
1100,0.96953917,10.279915
1101,0.56243074,10.476666
1102,0.08187704,10.860725
1103,0.46041673,11.098248
1104,0.99213684,10.293868
1105,0.7085304,7.425495
1106,0.83345646,9.87627
1107,3.328801,11.91763
1108,0.04526409,11.71349
1109,1.3724136,10.942854
1110,0.637729,12.111152
1111,0.97787625,10.399908
1112,-0.21263373,12.1269455
1113,0.99704814,10.331293
1114,1.3661594,9.10473
1115,1.4960572,10.9119
1116,0.44377398,11.161147
1117,0.8593096,8.620852
1118,0.67037344,8.460204
1119,3.2853048,11.728467
1120,0.8627057,8.356246
1121,0.39392522,8.355862
1122,0.83967716,8.726538
1123,0.14577907,5.6500263
1124,0.5087177,8.276118
1125,0.8326486,8.550993
1126,0.8988222,8.624504
1127,0.8269634,8.398874
1128,0.5549512,8.203136
1129,0.83586425,8.410934
1130,0.8558357,8.266212
1131,0.4696114,8.337455
1132,-0.22732197,7.3514833
1133,0.86145306,8.603178
1134,0.42228314,8.388379
1135,-0.35452837,7.7477527
1136,1.6812749,10.771544
1137,1.538405,13.413626
1138,0.4272668,11.885847
1139,3.4725578,12.358388
1140,0.0082634,11.884835
1141,1.9222496,13.276958
1142,2.019179,13.604032
1143,1.2388617,13.2471485
1144,0.20117751,11.757178
1145,1.5013905,13.301361
1146,1.1350617,13.263248
1147,0.61581045,13.171026
1148,1.4928323,13.317588
1149,1.2245822,13.235926
1150,1.8564985,13.376104
1151,1.6636057,13.214147
1152,1.3028008,13.235948
1153,2.0192108,13.628827
1154,1.4814073,13.40992
1155,2.0015535,13.326455
1156,-0.5464703,12.880692
1157,2.1940086,13.307412
1158,3.1740866,12.674472
1159,2.2907135,13.2635565
1160,3.321688,11.930424
1161,1.1789256,13.554637
1162,2.1897292,13.322834
1163,1.6595004,13.445403
1164,2.3033512,13.246152
1165,3.3866715,12.407822
1166,1.5391158,13.379884
1167,2.2196198,13.313677
1168,2.1562715,13.320524
1169,1.6844331,13.399546
1170,2.449136,13.16964
1171,2.0813382,13.353342
1172,2.202715,13.333415
1173,1.582784,13.338529
1174,3.390341,12.4088
1175,2.1502097,13.345018
1176,2.2935717,13.255613
1177,1.5533237,13.358386
1178,-0.19258475,12.517467
1179,-0.3972338,11.861436
1180,-0.14573544,12.954945
1181,-0.42994568,11.89615
1182,0.058765315,11.286559
1183,-0.4009488,11.9960785
1184,-0.31794265,12.331876
1185,-0.41041923,11.898755
1186,0.115954876,11.192476
1187,-0.102711216,12.651813
1188,-0.4169402,11.920356
1189,-0.36166537,12.089879
1190,0.008883813,11.366339
1191,-0.17695893,12.506271
1192,-0.4031521,11.894082
1193,0.056720786,11.301504
1194,-0.1851911,12.547585
1195,-0.41382673,11.901998
1196,-0.3665884,12.023061
1197,3.8255734,12.055487
1198,3.8568966,13.548741
1199,3.5173373,12.000567
1200,3.4504519,11.602406
1201,3.6031938,12.077614
1202,4.018642,11.01729
1203,3.995904,11.770137
1204,4.6704607,11.633531
1205,3.836632,12.050524
1206,3.9071417,11.98032
1207,3.1223402,11.66035
1208,3.9247055,12.328214
1209,4.002131,12.565157
1210,4.080285,11.953786
1211,3.6923397,11.675643
1212,4.022059,12.38995
1213,4.46447,12.707325
1214,3.8426533,12.032664
1215,4.884842,11.610235
1216,3.965904,11.701502
1217,2.9563222,14.413569
1218,3.0107758,14.222812
1219,2.9449177,14.413219
1220,2.9742613,14.42169
1221,2.9889567,14.073396
1222,2.9006684,14.42807
1223,2.9682612,14.3907
1224,2.978,14.414285
1225,2.951837,14.435025
1226,2.949732,14.417504
1227,2.92132,14.384727
1228,3.2218459,14.176823
1229,2.9619708,14.285439
1230,2.953633,14.420432
1231,2.9330173,14.416873
1232,2.9801056,14.412162
1233,2.962785,14.406803
1234,2.8586073,14.393905
1235,2.9551475,14.406289
1236,2.9636626,14.393738
1237,1.5733961,5.1950717
1238,1.477902,4.9936495
1239,1.5351571,4.9064817
1240,1.5581013,5.045733
1241,1.6400787,5.0748835
1242,1.4983149,5.1510134
1243,1.6093475,5.1045647
1244,1.5470665,5.173671
1245,1.5613247,5.1375146
1246,1.5634158,4.9888186
1247,1.405934,4.975989
1248,1.4413136,5.183272
1249,1.5718534,5.100643
1250,1.5135118,5.0419173
1251,1.5134854,5.0761776
1252,1.5311346,5.091912
1253,1.3905175,4.9181385
1254,1.4370903,4.9678793
1255,1.4628593,5.0431943
1256,1.4641302,4.9740324
1257,3.6918015,13.783644
1258,3.390664,13.790112
1259,3.4383566,13.618732
1260,3.5242355,13.83141
1261,3.8459618,13.71986
1262,3.5334945,13.856323
1263,3.786065,13.720913
1264,3.7999704,13.713517
1265,3.5367866,13.877594
1266,3.831962,13.711827
1267,3.5233324,13.868126
1268,3.7958152,13.726642
1269,3.5649016,13.852226
1270,3.7862835,13.730926
1271,3.522851,13.8541765
1272,3.7804554,13.746672
1273,3.567162,13.859972
1274,3.807044,13.686722
1275,3.550403,13.875042
1276,3.8275077,13.735898
1277,-0.38623676,13.068703
1278,-0.70145243,12.637613
1279,-0.19909476,12.0991335
1280,-0.07770421,12.965717
1281,-0.5000404,13.270511
1282,0.11573779,12.602759
1283,-0.7280345,12.662363
1284,-0.41529015,12.955183
1285,-0.10266963,13.024349
1286,-0.4154886,13.02518
1287,-0.2378512,13.209537
1288,-0.550866,12.928268
1289,-0.47200406,13.114822
1290,-0.2919992,13.26148
1291,-0.3525495,13.204918
1292,-0.22390746,13.19327
1293,-0.4620835,13.148316
1294,-0.28192466,13.212268
1295,-0.32435945,13.191432
1296,-0.15966271,13.088691
1297,-0.86493844,9.952839
1298,0.12055394,13.400936
1299,0.9964147,13.307515
1300,0.5988221,13.348381
1301,1.6081798,5.347174
1302,3.481967,13.8486805
1303,0.7892801,13.515086
1304,3.0763714,12.617189
1305,0.56670326,13.447774
1306,-4.2152543,5.1792116
1307,0.5533097,5.800238
1308,0.81009924,13.586013
1309,1.5169667,13.13826
1310,6.7794194,7.6950746
1311,0.75628597,13.8775215
1312,2.9903889,12.687522
1313,1.4509124,5.2402306
1314,0.8640357,13.585463
1315,0.6159624,13.482967
1316,0.75282145,13.605399
1317,-0.83529097,11.018433
1318,-0.67601115,11.045728
1319,-0.07219762,10.927312
1320,-0.96617484,11.017108
1321,-0.89023894,11.067417
1322,-1.2930878,11.261513
1323,-1.0127393,11.073031
1324,-0.77160454,11.062708
1325,-0.8558261,10.89373
1326,-0.83583665,11.070167
1327,-0.2258927,10.960481
1328,-1.0416368,11.07635
1329,-1.0390348,11.090123
1330,-0.8822185,11.126078
1331,-1.0229036,11.055285
1332,-0.9898986,11.116385
1333,-0.961642,11.060431
1334,-0.9899117,11.001352
1335,-0.7638174,12.463215
1336,-1.0111462,11.069491
1337,-0.5065429,9.900344
1338,-0.32995725,9.8962345
1339,-0.78357184,10.949476
1340,1.8557448,11.921071
1341,-0.35974416,11.093588
1342,-0.70337117,10.3149605
1343,-0.6107047,10.956759
1344,1.536826,10.02066
1345,-0.67816585,10.204318
1346,-1.3627727,9.534066
1347,-0.9955984,10.810931
1348,-0.4955678,9.920641
1349,-0.945267,10.022964
1350,2.3040183,10.224116
1351,-1.2947443,9.709902
1352,-0.994683,10.921795
1353,3.7691712,7.9695487
1354,-0.5708693,9.994874
1355,-0.96110153,10.921563
1356,-0.6383585,10.225901
1357,-1.0181991,11.07491
1358,-1.4953042,11.467963
1359,-2.6856074,11.8226795
1360,-1.7352641,11.585443
1361,-1.8814179,11.516579
1362,2.4660769,4.8417025
1363,-1.7496595,11.469597
1364,-1.9062101,11.0026655
1365,-2.6359992,11.750451
1366,-1.9677198,11.694065
1367,1.282449,4.676895
1368,0.2742813,6.24297
1369,-2.2816293,11.474109
1370,-2.2431576,11.384907
1371,-2.6516008,11.727157
1372,-1.7213765,11.525354
1373,1.36062,4.911912
1374,2.850664,2.8191528
1375,-2.1163995,11.461358
1376,-1.7439897,11.544742
1377,-0.53592885,9.928718
1378,-0.88629335,10.054612
1379,-1.2752744,9.638399
1380,1.7656614,11.947939
1381,-0.5676609,9.909182
1382,-1.2744747,9.673715
1383,-0.9040343,10.03218
1384,-1.4739264,10.393479
1385,-0.46977806,9.932972
1386,-1.1956187,9.753172
1387,1.8080658,11.939497
1388,-1.2499689,9.702866
1389,-0.76630676,10.090779
1390,-0.5868313,9.930034
1391,-1.2730579,9.683891
1392,-1.1918852,10.138901
1393,-0.51134324,9.881922
1394,-1.2479534,9.706835
1395,-0.9396773,10.010986
1396,-0.56721425,9.9062605
1397,1.3802065,4.1996236
1398,1.6379992,4.284494
1399,1.3634272,4.092735
1400,1.6719987,4.305031
1401,1.4203285,4.267322
1402,1.6709244,4.280547
1403,1.3584791,4.2978625
1404,1.6423385,4.297645
1405,1.2613953,4.3903418
1406,1.5998402,4.2643356
1407,1.4006053,4.2001805
1408,1.8933588,4.371649
1409,1.4241209,4.221167
1410,1.8972234,4.3509054
1411,1.3963373,4.208115
1412,1.8416063,4.3297615
1413,1.3944696,4.217448
1414,1.8408002,4.371049
1415,1.4264879,4.1909475
1416,1.8821045,4.3553033
1417,-2.7535355,11.730883
1418,-2.81287,11.809817
1419,-2.8203523,11.682048
1420,-2.7966223,11.77769
1421,-2.6319916,11.498904
1422,-2.8088512,11.748468
1423,-2.7926838,11.801193
1424,-2.7939568,11.65693
1425,-2.7597396,11.769045
1426,-2.8023934,11.686556
1427,-2.7994828,11.796512
1428,-2.835456,11.707616
1429,-2.804278,11.626421
1430,-2.768749,11.812087
1431,-2.7336302,11.682725
1432,-2.7799833,11.606885
1433,-2.8022766,11.694852
1434,-2.602598,11.471608
1435,-2.7638173,11.623227
1436,-2.7989163,11.655285
1437,-1.7107263,10.338141
1438,-1.6893144,10.333871
1439,-1.6655512,10.330901
1440,-1.6483693,10.364219
1441,-1.786958,10.298892
1442,-1.7585322,10.299106
1443,-1.586705,10.378789
1444,-1.8168724,10.255442
1445,-1.7261024,10.328937
1446,-1.8695104,10.212956
1447,-1.770746,10.293856
1448,-1.7837327,10.294887
1449,-1.8070003,10.263105
1450,-1.7796767,10.304328
1451,-1.8430816,10.254334
1452,-1.7539053,10.345384
1453,-1.7777244,10.308507
1454,-1.7730374,10.311594
1455,-1.7554395,10.324259
1456,-1.7648028,10.2777405
1457,-2.5040002,11.193797
1458,-2.208126,11.424305
1459,-2.275041,11.37431
1460,-2.4187498,11.295539
1461,-0.73252,10.297273
1462,-2.1028292,11.494428
1463,-2.4545937,11.594733
1464,-2.2510235,11.421854
1465,-2.2860284,11.474772
1466,-2.2603502,11.424888
1467,-2.2727654,11.413296
1468,-2.2354233,11.399914
1469,-2.2106385,11.459911
1470,-2.1793077,11.439116
1471,-2.2871096,11.427279
1472,-2.2484,11.412599
1473,-2.2772224,11.492677
1474,-2.2330298,11.431658
1475,-2.216086,11.510691
1476,-2.2747219,11.482547
1477,-2.5063777,11.198655
1478,3.7859828,13.720806
1479,-2.420185,11.265827
1480,-2.328663,11.30689
1481,-2.4278793,11.101792
1482,-2.4491036,11.179632
1483,-2.2359507,11.3952465
1484,-2.3167024,11.319416
1485,-2.4542794,11.105409
1486,-2.4786022,11.185763
1487,-2.4823067,11.203223
1488,3.847854,13.670252
1489,-0.5085986,11.099453
1490,3.7483058,13.731994
1491,2.9264934,12.25519
1492,3.9128203,7.8628287
1493,3.8243542,13.718934
1494,-2.2642367,11.38628
1495,-2.5060384,11.220228
1496,2.7307734,7.9144034
1497,-0.84665495,9.948788
1498,-0.011617651,9.986717
1499,-0.9298864,10.022216
1500,2.5331612,7.981674
1501,-0.90058476,9.923006
1502,-2.1488688,3.716124
1503,-0.53997934,9.860538
1504,2.8813674,7.8934183
1505,-0.84580755,9.927246
1506,-0.25045407,9.838181
1507,-0.8847056,9.930242
1508,2.7416198,7.9377337
1509,-0.82739943,9.944409
1510,-0.061073326,9.889788
1511,-0.8693492,9.969123
1512,2.771395,7.9653707
1513,-0.84288555,9.954042
1514,-0.21795979,9.748398
1515,-0.82590646,9.98548
1516,0.1283462,14.634984
1517,0.123737805,14.6329975
1518,0.077154614,14.560492
1519,0.13474095,14.645323
1520,0.089484036,14.58792
1521,0.14773993,14.65647
1522,0.1385572,14.646326
1523,0.15884908,14.668273
1524,0.06969125,14.555341
1525,0.14997329,14.663123
1526,0.16511814,14.5929165
1527,0.13006131,14.674649
1528,0.07368057,14.573833
1529,0.15315841,14.66526
1530,0.062225766,14.527939
1531,0.18931782,14.713778
1532,0.09458268,14.581605
1533,0.14409809,14.665848
1534,0.037955336,14.493801
1535,0.43528584,12.3867
1536,0.3667511,12.41271
1537,0.42014557,12.316739
1538,0.40987417,12.285588
1539,0.3271747,12.503535
1540,1.0170208,12.277218
1541,0.3997293,12.403319
1542,-0.0704795,12.100729
1543,0.3713604,12.416928
1544,0.47280732,12.298564
1545,0.44329944,12.359856
1546,0.29749426,12.122417
1547,0.45993876,12.292587
1548,0.42990175,12.33106
1549,0.5409485,12.239967
1550,0.46359825,12.371678
1551,0.42285854,12.330682
1552,0.42454952,12.398192
1553,0.48933485,12.272748
1554,0.4822277,12.302156
1555,-4.2041817,3.5588377
1556,-4.211974,3.5450995
1557,-4.2008924,3.5614045
1558,-4.2105646,3.5258899
1559,-4.1151648,3.521177
1560,3.2212036,12.019615
1561,-4.2280984,3.5295222
1562,-3.9978864,3.693596
1563,-4.1971188,3.5930471
1564,-4.0877476,3.4932508
1565,-4.1458564,3.5588539
1566,-4.2203407,3.547301
1567,-4.161853,3.56531
1568,-4.1338487,3.5971832
1569,-4.215626,3.5332527
1570,-4.1951127,3.5615623
1571,-4.2108655,3.5440223
1572,-4.189805,3.5226552
1573,-4.211265,3.5526273
1574,-4.211701,3.5422904
1575,-0.73742807,12.684038
1576,-0.13868201,12.675995
1577,0.09078238,12.676778
1578,-0.7329825,12.718037
1579,0.15604173,12.569132
1580,-0.58612436,12.812711
1581,-0.27594405,12.1809635
1582,-1.0689956,12.78278
1583,-0.20513661,12.090295
1584,-0.9321933,12.743208
1585,-1.0626172,12.7642355
1586,-0.6597836,12.6301365
1587,-1.0483853,12.789335
1588,-1.0535414,12.788718
1589,-0.9836571,12.808953
1590,0.1048209,12.519316
1591,-1.0099827,12.793159
1592,-1.0328254,12.81939
1593,-0.008067253,12.483476
1594,-1.0871066,12.806617
1595,-0.025885131,13.006222
1596,-0.112866536,12.970281
1597,-0.46995267,12.963027
1598,-0.11333084,12.865332
1599,0.120743014,12.769103
1600,-0.2391695,12.07054
1601,0.055874072,13.004481
1602,-0.084059425,13.019403
1603,-1.0434824,12.816497
1604,1.5344462,12.888596
1605,-1.1067826,12.766486
1606,-0.016683606,12.775264
1607,-1.0621682,12.798658
1608,-0.11722858,12.351026
1609,0.09717565,12.754325
1610,-0.21100068,12.085623
1611,-0.06602029,13.168001
1612,-1.0791335,12.797323
1613,-0.03226551,13.052712
1614,-0.6632371,13.420321
1615,-0.5757629,13.134031
1616,-0.8931429,13.476983
1617,-0.9258774,12.939709
1618,-0.7382004,13.429446
1619,-0.868769,13.484117
1620,-0.6745282,13.040666
1621,-0.8568102,13.484144
1622,-0.72266525,12.904029
1623,-0.7054469,13.423628
1624,-0.888198,13.508246
1625,-0.69324815,13.417493
1626,-0.8523682,13.483146
1627,-0.23987687,13.187257
1628,-0.4016015,13.046912
1629,-0.3448036,13.071624
1630,-0.87245184,13.495027
1631,-0.4111905,13.105674
1632,-0.8770223,13.479855
1633,-0.8688654,13.491155
1634,1.4753158,13.412951
1635,1.4769368,13.383677
1636,1.1715466,13.090161
1637,1.5065509,13.419969
1638,1.527899,13.414261
1639,1.4026053,13.381038
1640,-0.13340133,13.379837
1641,1.4092108,13.48298
1642,1.5146002,13.4394655
1643,1.3510749,13.437902
1644,1.4862742,13.418376
1645,1.3650266,13.411132
1646,1.2678026,13.131449
1647,1.5101411,13.435149
1648,1.5347062,13.4359665
1649,1.4631995,13.421336
1650,-0.15354745,13.275816
1651,1.3780488,13.471741
1652,1.4584624,13.442889
1653,1.3070029,13.482492
1654,-1.403951,14.75644
1655,-1.3796977,14.804602
1656,-1.36837,14.806972
1657,-1.3953584,14.815658
1658,-1.40398,14.828364
1659,-1.3818531,14.8092575
1660,-1.4069431,14.846124
1661,-1.3884903,14.811117
1662,-1.4089738,14.831754
1663,-1.4032668,14.84009
1664,-1.3805676,14.803473
1665,-1.37782,14.774657
1666,-1.3746498,14.841812
1667,-1.3662437,14.787569
1668,-1.4319549,14.86558
1669,-1.3653286,14.782202
1670,-1.4063953,14.84127
1671,-1.3345659,14.795402
1672,-1.4641418,14.889793
1673,-1.3900604,14.813899
1674,1.9758219,12.162387
1675,-0.14286295,13.965671
1676,0.0041171415,14.37914
1677,0.007156874,13.188783
1678,0.79530656,14.077158
1679,-2.1725812,6.2093854
1680,-0.13460296,13.671028
1681,-0.113502964,13.628284
1682,-0.112078264,14.191148
1683,-0.09502206,14.160647
1684,-0.04959624,13.421363
1685,0.04168362,14.278705
1686,-0.10195301,13.623718
1687,0.074423775,14.512659
1688,0.38284206,14.375956
1689,-0.19154218,14.074411
1690,-0.14815703,13.715419
1691,-0.10655547,14.120481
1692,-0.06806057,13.567442
1693,-0.09631569,13.562463
1694,1.5133871,13.135994
1695,1.5468451,12.834502
1696,0.27464202,11.499465
1697,1.5469594,13.201695
1698,1.4996301,12.97192
1699,1.5349488,12.958578
1700,1.5305232,12.758653
1701,1.5538703,13.19694
1702,1.6653372,12.554512
1703,1.4421626,13.2107725
1704,1.6115203,12.73697
1705,1.5604107,12.655483
1706,1.6953678,12.593328
1707,1.5047145,13.306192
1708,1.6613429,12.611021
1709,1.3570904,13.215856
1710,1.6653347,12.6047125
1711,1.5477296,13.349344
1712,1.7058213,12.600612
1713,1.4832176,13.332699
1714,2.893976,6.3306227
1715,2.963042,6.307992
1716,2.875308,6.376013
1717,1.9711246,11.921023
1718,2.3158615,6.8106866
1719,2.6901164,6.2764335
1720,-1.8385669,6.635813
1721,1.4687461,9.988605
1722,2.922443,6.450755
1723,2.8344195,6.2935658
1724,2.9251406,6.3299356
1725,0.7170523,6.5249577
1726,0.81686324,8.560176
1727,0.9553985,9.922844
1728,1.160427,6.489451
1729,1.7795985,12.020405
1730,0.3064395,9.456442
1731,2.9382284,6.267642
1732,2.9149382,6.3058825
1733,1.8960948,6.1944814
1734,2.9117491,2.6619208
1735,2.9529524,2.457657
1736,2.96314,2.4398577
1737,2.9207206,2.4956908
1738,2.9728804,2.4297802
1739,2.9446924,2.4403155
1740,2.931817,2.4798675
1741,2.959405,2.4559093
1742,2.9448915,2.4614763
1743,2.9445677,2.459213
1744,2.935518,2.4704144
1745,2.978878,2.4195826
1746,2.9443462,2.462988
1747,2.9616082,2.4220889
1748,2.9555097,2.4435666
1749,2.967848,2.4301412
1750,2.933789,2.4754286
1751,2.9772744,2.413452
1752,2.9353564,2.4719806
1753,2.954351,2.4378576
1754,1.718883,6.2901397
1755,1.4336518,5.452688
1756,1.4617442,6.4320173
1757,0.7536384,6.1944056
1758,1.7186484,6.334557
1759,0.6391468,5.707508
1760,0.95244336,5.9392934
1761,0.8914258,5.976249
1762,0.88219476,5.936943
1763,0.85959846,5.973209
1764,0.94106436,5.9107604
1765,0.9933838,5.8537664
1766,0.954578,6.0111613
1767,0.89648294,5.9062905
1768,0.871514,5.9780135
1769,0.9064895,5.920118
1770,0.8205627,5.8598757
1771,0.8806245,5.923651
1772,0.8974226,5.938197
1773,0.97985095,5.8285213
1774,-6.2097774,4.440171
1775,-6.205608,4.4445148
1776,-6.213717,4.438867
1777,-6.1885138,4.4589167
1778,-6.2122755,4.435976
1779,-6.121142,4.4966493
1780,-6.170964,4.4756513
1781,-6.2299848,4.431846
1782,-6.2352033,4.416987
1783,-6.2337766,4.419037
1784,-6.185627,4.4635086
1785,-6.0320964,4.574646
1786,-6.197079,4.4537964
1787,-6.224105,4.43013
1788,-6.185503,4.4577985
1789,-6.2456217,4.409198
1790,-6.187354,4.461446
1791,-6.2391963,4.4140506
1792,-6.226039,4.4286466
1793,-6.099763,4.517044
1794,2.5374112,6.4686728
1795,1.6000513,10.485021
1796,2.667283,5.9002337
1797,1.5266404,6.3773704
1798,2.447066,5.733087
1799,2.5950222,6.0612288
1800,2.5128167,6.0264807
1801,2.586754,6.055999
1802,2.807593,6.2818923
1803,2.58279,6.042908
1804,2.6095083,6.0695786
1805,2.4377959,5.915871
1806,2.5968554,6.032397
1807,2.5558007,6.0008607
1808,2.4489236,5.8693852
1809,2.6189055,6.0866446
1810,-2.9409342,0.6554821
1811,1.0404432,6.5260997
1812,-2.9860425,0.6094284
1813,-2.9877758,0.60673285
1814,-3.004124,0.593084
1815,-2.9872155,0.6069643
1816,-3.0073564,0.5897502
1817,-2.990484,0.60406363
1818,-3.0103416,0.58745503
1819,-2.9890165,0.60490704
1820,-3.0010293,0.594316
1821,-2.9835489,0.6114659
1822,-3.0128355,0.58405113
1823,-2.9950109,0.599339
1824,-3.0056791,0.5904422
1825,2.0270507,5.9040194
1826,-0.16930103,7.1117644
1827,2.1323767,6.9380283
1828,2.750621,7.3126807
1829,2.50843,6.746972
1830,-0.2347975,7.1047435
1831,0.886343,7.609165
1832,-0.4450756,7.6989374
1833,-0.28593814,7.2349067
1834,2.1729517,6.118446
1835,2.0724301,6.802973
1836,-0.66380966,5.7188916
1837,1.4398229,5.557829
1838,2.4816244,7.378829
1839,1.0789893,6.632938
1840,0.87076664,6.659148
1841,2.4182425,6.83032
1842,2.590133,6.7043037
1843,2.3391504,6.752688
1844,2.3643653,6.2347193
1845,2.8678956,6.319221
1846,5.3690376,4.850204
1847,2.9830697,6.3332944
1848,2.5352957,6.450524
1849,1.5154996,10.089489
1850,0.30880496,9.485008
1851,-2.1426413,3.7011356
1852,0.7068271,7.4327974
1853,1.7979891,10.418022
1854,3.1218278,9.674825
1855,1.7729048,10.399354
1856,1.4585214,6.087971
1857,1.5909623,10.4107685
1858,-1.8388065,6.6123176
1859,1.4586464,10.268889
1860,0.8649537,9.806621
1861,1.546236,10.34093
1862,1.3562264,6.257151
1863,0.83159935,8.542339
1864,0.2631409,9.39709
1865,1.7045733,5.4650626
1866,1.4317029,5.421643
1867,0.2505303,5.614703
1868,2.0792289,6.002828
1869,1.5766608,5.376691
1870,1.5881051,5.1313653
1871,1.4994438,5.465505
1872,1.7344261,4.9889517
1873,1.5039568,5.2978444
1874,1.4718684,5.3898444
1875,1.7027179,5.3424025
1876,1.4818448,5.2689075
1877,1.8797189,5.6928463
1878,3.6885097,7.556622
1879,1.4863927,5.1054616
1880,1.601337,5.438267
1881,1.4288288,5.281284
1882,1.7104614,5.440751
1883,1.5360187,5.288831
1884,1.6186906,5.52814
1885,-2.089793,3.7226536
1886,0.6478061,7.9129887
1887,-0.30644417,6.9605174
1888,0.055786975,5.578136
1889,-1.9487716,3.7492495
1890,-1.2822067,5.631918
1891,0.3484622,8.273151
1892,-1.0945632,5.045413
1893,-1.7986039,5.6401305
1894,-1.021005,5.0987625
1895,-1.8006002,5.7655997
1896,-1.6644678,5.6974587
1897,-1.7468301,5.4897933
1898,-1.3200195,5.3749666
1899,-1.8872262,5.8518286
1900,-1.0843234,5.1232853
1901,-1.7804121,5.8650894
1902,-1.5855627,5.689418
1903,-1.8106593,5.689272
1904,-4.6227365,9.151942
1905,-0.02916223,5.2151775
1906,0.09924518,5.304638
1907,0.13626628,5.259658
1908,-0.041418333,5.230818
1909,0.18905738,5.4324794
1910,-0.055599213,5.225166
1911,0.2045754,5.3310246
1912,-0.0024644823,5.2639294
1913,0.17872834,5.301273
1914,-0.23206805,5.4096556
1915,0.11524239,5.292311
1916,-0.042692997,5.22899
1917,0.20612562,5.2651715
1918,-0.046409324,5.244431
1919,0.12815566,5.2902627
1920,0.00023451724,5.2179365
1921,0.008227172,5.390672
1922,-0.04334963,5.279161
1923,0.21308582,5.3197274
1924,-0.04566713,5.2124147
1925,-2.192213,2.9786496
1926,-2.1793103,2.615404
1927,-2.1951618,2.5879729
1928,-2.2480412,2.527578
1929,-2.2017598,2.5819576
1930,-2.21248,2.6065097
1931,-2.1797633,2.6110747
1932,-2.2218518,2.55606
1933,-2.2044141,2.581757
1934,-2.2496343,2.5200086
1935,-2.2158725,2.5644603
1936,-2.2027915,2.5706503
1937,-2.1934085,2.5507402
1938,-2.2709954,2.4855149
1939,-2.1705694,2.6089551
1940,-2.2202852,2.61616
1941,-2.2550688,2.510225
1942,-2.211174,2.5749955
1943,-2.2927063,2.4755535
1944,-2.203368,2.579733
1945,-1.7964507,5.6755056
1946,-1.8415371,5.146243
1947,-1.5709693,4.9285526
1948,-1.7309022,4.9469185
1949,-1.9226187,5.075315
1950,-1.6166047,5.0778613
1951,-1.7717937,5.021293
1952,-1.9568285,5.0075045
1953,-1.6860975,4.9861274
1954,-1.7993929,4.9598618
1955,-1.9445472,5.0653014
1956,-1.7459273,4.955596
1957,-1.8563025,4.9979796
1958,-1.9074984,5.080512
1959,-1.7885425,4.9546394
1960,-1.892856,5.024571
1961,-1.9390677,5.07751
1962,-1.6759216,4.8714952
1963,-1.835514,4.985354
1964,-1.9220885,5.021872
1965,-1.0369511,5.3945174
1966,-2.1262944,3.6769118
1967,-1.1784365,4.7097807
1968,-1.7546085,5.646566
1969,-1.253282,5.333461
1970,-4.5847535,9.138361
1971,-1.0460826,5.0646334
1972,-0.96312195,5.038184
1973,-1.0471998,4.997339
1974,-2.1311543,3.6856902
1975,-1.6708509,5.7346377
1976,-1.7014763,5.759433
1977,-1.6689684,5.6211443
1978,-0.86244965,5.3407254
1979,-1.6929538,5.6832266
1980,-1.4538835,5.6971593
1981,-1.3589164,5.4199514
1982,-4.648242,9.187262
1983,-1.7104048,5.7615266
1984,-2.1249855,3.6805358
1985,-1.6443639,4.8062553
1986,-1.5567359,4.9399476
1987,-1.7471763,5.495281
1988,-1.52832,5.26898
1989,-1.4836401,4.8541102
1990,-1.6292993,4.895343
1991,-1.7254311,5.048487
1992,-1.6965985,4.980161
1993,-1.514941,5.037282
1994,-1.6474675,5.171891
1995,-1.7172297,5.5051303
1996,-1.5536212,5.247943
1997,-1.6150378,4.9225187
1998,-1.7101543,4.882079
1999,-1.6301581,4.8761888
2000,-1.8740348,5.7679434
2001,-1.6616265,5.222692
2002,-1.6504765,5.0505047
2003,-1.7067963,5.063269
2004,-0.29448226,5.4364724
2005,-0.3866179,5.8786955
2006,-1.418679,6.1040072
2007,-1.0536348,5.9282618
2008,-0.78529686,6.0781107
2009,-1.0405984,5.929144
2010,-1.0352099,5.910943
2011,-1.3579804,6.0231185
2012,-1.0801601,5.955828
2013,-1.3313549,5.856011
2014,-0.9161051,5.969737
2015,-0.88766515,5.9842925
2016,-1.248249,5.8394375
2017,-1.3627617,6.088308
2018,-1.2086321,5.994054
2019,-1.0877163,5.9445124
2020,-1.2505757,6.0064697
2021,-1.2897965,6.027785
2022,-1.1189736,5.8606377
2023,-1.1769637,5.903226
2024,-2.137987,3.698299
2025,-1.8436301,4.2755194
2026,-1.6591282,4.8059053
2027,-2.1015027,3.7587247
2028,-1.6854494,4.6100135
2029,-1.7686502,4.4029675
2030,-1.7075261,4.8558836
2031,-1.8408861,4.278424
2032,-1.6219226,4.9151955
2033,-2.0387182,3.8507454
2034,-1.8250227,4.9978986
2035,-1.7678211,4.4394956
2036,-1.6880791,4.657703
2037,-1.8446364,4.2646422
2038,-1.6421692,4.8976808
2039,-1.8127089,4.3167715
2040,-1.5944829,4.76596
2041,-1.8177662,4.2867613
2042,-1.5604323,4.744525
2043,-1.9154297,4.0810966
2044,6.7057495,7.610218
2045,6.796999,7.6861715
2046,6.751075,7.6431236
2047,6.771769,7.658191
2048,6.738837,7.627633
2049,6.7301493,7.6211
2050,6.7802835,7.6643147
2051,6.7849436,7.670947
2052,6.7554502,7.6429267
2053,6.7577753,7.648665
2054,6.7976165,7.685898
2055,6.792602,7.7041116
2056,6.780006,7.665815
2057,6.811895,7.6985974
2058,6.799004,7.6876583
2059,6.7995176,7.686736
2060,6.7847657,7.6716022
2061,6.8199925,7.705311
2062,6.7840333,7.67245
2063,6.7904525,7.682495
2064,-1.0336081,4.4320164
2065,-1.602058,3.9784634
2066,-1.0423669,4.4086313
2067,-0.9957509,4.451519
2068,-1.0319521,4.502897
2069,-1.0589831,4.4805136
2070,-1.0225971,4.4279895
2071,-1.0376261,4.416635
2072,-1.0174004,4.437951
2073,-1.098449,4.5468664
2074,-1.027424,4.4726024
2075,-1.0359125,4.4573345
2076,-1.0266331,4.41206
2077,-0.98098254,4.468736
2078,-0.97911364,4.376237
2079,-1.01271,4.405126
2080,-1.0642354,4.495387
2081,-1.0587904,4.4339194
2082,-1.0354122,4.4400053
2083,-1.0179781,4.436775
2084,3.7718759,5.3445325
2085,3.8120253,5.223567
2086,3.7706757,5.109837
2087,3.7338839,5.339675
2088,3.7603068,5.117523
2089,3.7842617,5.356532
2090,3.8553078,5.2137756
2091,3.7783859,5.2111764
2092,3.7248309,5.3354917
2093,3.8598688,5.2223926
2094,4.5356574,4.969089
2095,3.7630498,5.151746
2096,3.931291,5.275017
2097,3.7086494,5.0785513
2098,-2.0960722,3.6636891
2099,3.694034,5.39966
2100,3.927052,5.2521605
2101,3.7023578,5.1027417
2102,3.819877,5.6970577
2103,3.785991,5.139919
2104,3.8663514,7.6465
2105,3.9852154,7.84906
2106,3.816973,7.6452255
2107,3.9129956,7.769871
2108,3.9164402,7.668915
2109,3.9590266,7.835641
2110,3.1490028,7.815927
2111,3.878281,7.6690125
2112,3.6755707,7.7254167
2113,3.9852355,7.776191
2114,3.873073,7.743312
2115,3.9160397,7.728678
2116,3.9657397,7.6821833
2117,3.9571917,7.7854204
2118,3.9152782,7.6857142
2119,3.9679203,7.654185
2120,3.823459,7.677603
2121,3.966532,7.774715
2122,3.925877,7.7372394
2123,3.9724689,7.6889524
2124,3.507818,4.4949794
2125,3.799585,4.567565
2126,3.5498908,4.456383
2127,3.4826128,4.461909
2128,3.6510763,4.8729334
2129,3.4727516,4.4927306
2130,3.6709802,4.6436834
2131,3.6241968,4.8361807
2132,3.4910088,4.46142
2133,3.716487,4.556443
2134,3.496521,4.500361
2135,3.646251,4.8437448
2136,3.5164404,4.5048666
2137,3.8000119,4.651817
2138,3.5426497,4.429156
2139,3.6314838,4.7588487
2140,3.4651701,4.4728494
2141,3.607032,4.764491
2142,3.4661798,4.512935
2143,3.6668203,4.622041
2144,5.390788,4.876761
2145,4.55356,5.7224603
2146,4.381522,5.959865
2147,4.4329424,5.6237936
2148,4.412285,6.026358
2149,3.68624,12.229964
2150,3.986969,6.090142
2151,3.986335,6.043176
2152,4.387031,5.932636
2153,4.452897,5.6718054
2154,4.374149,5.998531
2155,4.4679394,5.777382
2156,4.398062,6.0469384
2157,4.505872,5.696855
2158,4.4378214,6.016841
2159,3.9064443,12.927481
2160,4.387377,6.078367
2161,4.2213116,6.0065994
2162,4.3653135,5.8950944
2163,4.132498,4.7884955
2164,3.7474718,4.634501
2165,3.6088092,4.597833
2166,4.149039,4.7602158
2167,4.012254,4.648454
2168,3.4678133,4.464016
2169,4.1775193,4.753408
2170,4.732443,4.9143777
2171,4.3211007,4.7663074
2172,4.3043447,4.7475653
2173,4.105578,4.9340734
2174,4.296612,4.7214065
2175,4.3536453,4.7241774
2176,3.9351292,4.8005834
2177,4.3954835,4.751953
2178,5.252132,4.8353486
2179,4.3378115,4.735717
2180,4.3574524,4.73816
2181,4.3551593,4.7642922
2182,4.369199,4.7366605
2183,-0.65002537,13.133353
2184,0.44791332,1.090834
2185,0.45229426,1.0970727
2186,0.46810922,1.1192502
2187,0.46553916,1.106469
2188,0.4520655,1.1062995
2189,0.45115706,1.0752618
2190,0.45561418,1.1017778
2191,0.45582056,1.1039237
2192,0.44762877,1.0966935
2193,0.44910505,1.0925049
2194,0.4550675,1.0977573
2195,0.4800676,1.1195759
2196,0.4307516,1.0761533
2197,0.4486375,1.0935521
2198,0.43672395,1.1139468
2199,0.4291848,1.1086063
2200,0.47353572,1.076607
2201,0.48093313,1.1114242
2202,0.44233635,1.0957919
2203,4.582254,4.857862
2204,3.629929,4.9374995
2205,3.6287587,4.8558726
2206,3.6639931,4.8639274
2207,3.4534886,4.5034328
2208,3.4009755,4.517114
2209,3.6934066,4.95454
2210,3.5146322,4.511177
2211,3.5656264,4.5641026
2212,3.5186286,4.491305
2213,3.5343738,4.6549983
2214,3.7850058,5.0117435
2215,3.5665329,4.5531087
2216,3.5214639,4.5151505
2217,3.7048993,4.545991
2218,3.5170562,4.498809
2219,3.5829654,4.50444
2220,3.551179,4.506544
2221,3.5761597,4.4534454
2222,3.472633,4.586662
2223,5.240326,4.884501
2224,-2.1507347,3.6910324
2225,3.3089087,9.702707
2226,3.7532468,11.780116
2227,5.367612,4.85067
2228,4.444386,5.4595957
2229,4.194476,4.861357
2230,4.559589,5.7646337
2231,3.2348185,9.755532
2232,4.259231,4.9503393
2233,3.3596349,9.688852
2234,-2.1655357,3.6902304
2235,3.2275271,9.729354
2236,3.997987,7.401788
2237,3.2815824,9.727237
2238,-2.186319,3.6195526
2239,-2.1199963,3.7200077
2240,5.3643537,4.8513165
2241,3.3118675,9.774118
2242,4.1470585,4.9772754
2243,4.292839,5.337803
2244,4.469071,5.461641
2245,4.300937,5.2672176
2246,4.259182,5.3785567
2247,4.356918,5.347722
2248,4.468399,5.4623985
2249,4.2762375,5.346232
2250,4.3124337,5.314512
2251,4.243365,5.3326716
2252,4.2315817,5.3681183
2253,4.5075064,5.4971576
2254,4.3047657,5.327223
2255,4.503109,5.4881687
2256,4.46288,5.425793
2257,4.3619976,5.3394175
2258,4.323948,5.3544836
2259,4.345764,5.325536
2260,4.505616,5.492359
2261,4.5224648,5.483773
2262,4.512534,5.508909
2263,-0.18925086,7.0264945
2264,4.32191,6.0905004
2265,4.511516,6.060886
2266,4.0774436,7.4919667
2267,4.0550275,5.9855127
2268,4.4942217,6.050927
2269,4.0880547,7.4946938
2270,4.1510534,5.9616876
2271,4.494661,6.0646954
2272,4.0616617,7.5107684
2273,-2.1112032,3.7013464
2274,4.540531,6.045791
2275,4.1024547,7.345562
2276,4.355052,6.106067
2277,4.515006,6.080131
2278,4.0825825,7.520093
2279,4.305641,6.1031985
2280,4.538061,6.106612
2281,4.105617,7.483323
2282,4.3340807,6.0964074
2283,-4.0138116,5.419075
2284,-3.517742,6.0723767
2285,-3.8368185,5.436436
2286,-3.6251514,6.0325313
2287,-3.5591412,5.9279127
2288,-3.8812878,5.661735
2289,-3.61415,5.874284
2290,-3.6381927,5.8704414
2291,-3.5807097,5.957435
2292,-3.5785165,5.9991565
2293,-3.803386,5.6665177
2294,-3.836052,5.733811
2295,-3.6306787,5.7947793
2296,-3.725602,5.7805104
2297,-3.8955514,5.6615705
2298,-3.5295749,5.5970974
2299,-3.849671,5.6990275
2300,-3.779096,5.6380982
2301,-3.8046856,5.6933613
2302,-3.6750362,5.728676
2303,-0.5290176,11.7852
2304,-0.6899637,12.155575
2305,-0.8378384,12.17399
2306,0.045201585,11.152616
2307,-3.6178918,5.107561
2308,2.826405,7.888803
2309,-0.63408554,12.198583
2310,-0.9528606,12.064397
2311,-3.4733937,5.160213
2312,-3.5256484,5.1062865
2313,-0.92447984,12.098257
2314,-1.0299892,12.063575
2315,-1.0344689,12.045175
2316,-0.9653218,12.037301
2317,-1.0107623,12.068646
2318,-0.9551319,12.064991
2319,-0.953167,12.058814
2320,-1.0290772,12.042172
2321,-1.0602176,12.035419
2322,-1.0745763,12.051399
2323,-3.9812934,5.4094415
2324,-3.4972591,6.049749
2325,-3.6995997,6.009776
2326,-3.5552113,5.9749136
2327,-3.8078756,5.746844
2328,-3.6209972,5.942895
2329,-4.022206,5.7424784
2330,-3.627369,6.002768
2331,-3.5917954,5.944899
2332,-3.8933117,5.651174
2333,-3.5608065,5.770669
2334,-3.6727147,5.9018664
2335,-3.5219722,6.1099815
2336,-3.5625646,6.124507
2337,-3.525884,6.046028
2338,-3.7299652,5.7775083
2339,-3.7262082,5.7842155
2340,-3.7301614,5.596257
2341,-3.7339005,5.733024
2342,-3.6451197,5.844493
2343,-2.2718933,6.1696606
2344,-2.2056298,6.168561
2345,-2.4017224,6.1410627
2346,-1.2711039,5.952958
2347,-2.02892,6.111734
2348,-2.3047576,6.233488
2349,-2.3646748,6.1207614
2350,-2.4014182,6.1726494
2351,-2.3073545,6.1398864
2352,-2.225561,6.04792
2353,-2.5430517,5.9582944
2354,-2.1914012,6.070566
2355,-2.4543667,6.138843
2356,-2.3312006,6.1085916
2357,-2.3364193,6.174768
2358,-2.2648692,6.1056266
2359,-2.5526867,5.9518123
2360,-2.274674,6.0690475
2361,-2.4157248,6.1039724
2362,-1.0091951,7.327151
2363,-0.7807154,7.497691
2364,-0.8573177,7.4626956
2365,-0.9973157,7.279135
2366,-0.7487267,7.5530844
2367,-0.6604937,7.6125503
2368,-0.6617728,7.6332536
2369,-0.9025457,7.5053816
2370,-0.74534744,7.5274754
2371,-0.72212887,7.5040655
2372,-0.87623847,7.4595437
2373,-0.7575408,7.5385556
2374,-0.7877334,7.547685
2375,-0.7014774,7.597547
2376,-0.97288996,7.3504415
2377,-0.8421463,7.493524
2378,-0.8674651,7.424277
2379,-0.8443209,7.511811
2380,-0.7736578,7.548506
2381,-0.7527973,7.4897313
2382,-4.1726494,5.2638803
2383,-4.23975,5.45643
2384,-4.2445927,5.188838
2385,-4.2261524,5.426968
2386,-4.212027,5.1162043
2387,-4.1810937,5.462901
2388,-4.302547,5.0837145
2389,-4.252199,5.111833
2390,-4.2620463,5.435159
2391,-4.272288,5.1306353
2392,-4.266339,5.4126935
2393,-4.268428,5.1363297
2394,-4.282351,5.331226
2395,-4.2614956,5.140781
2396,-4.2659955,5.4066305
2397,-4.306743,5.015409
2398,-4.2434025,5.419283
2399,-4.262322,5.11241
2400,-4.261367,5.140618
2401,-2.7311594,4.4915175
2402,-2.7719166,4.4669657
2403,1.2845181,9.025271
2404,-2.7379222,4.4454007
2405,-2.8006706,4.6254454
2406,-2.2156303,3.7715697
2407,-2.701328,4.5784364
2408,-2.7192097,4.6940374
2409,1.2385437,9.032293
2410,-2.7223818,4.4505553
2411,1.2574265,9.022903
2412,-2.4052827,3.979257
2413,-3.3378878,5.197169
2414,3.3144045,9.775981
2415,-2.9903913,5.0723677
2416,-2.738502,4.440253
2417,-2.7223263,4.514295
2418,-2.6782331,4.571081
2419,-2.5322697,4.8330817
2420,-2.7501168,4.5321774
2421,-4.087231,5.3424277
2422,-4.2189107,5.593468
2423,-4.018197,5.8853507
2424,-3.6033375,6.172006
2425,-4.001871,6.0502963
2426,-4.0804796,6.0019546
2427,-4.1486325,5.8669634
2428,-3.89976,6.0443325
2429,-3.8327982,6.115766
2430,-4.072717,6.0656004
2431,-3.8198907,6.090029
2432,-3.9942012,6.060611
2433,-3.9976037,6.077282
2434,-3.9504116,6.159197
2435,-3.8848135,6.102337
2436,-3.9346018,6.1069083
2437,-3.9172704,6.179344
2438,-3.9418004,6.1580935
2439,-3.913935,6.1478577
2440,-4.0424247,6.0805006
2441,-3.640967,4.7163725
2442,-3.599208,4.846896
2443,-3.4822311,4.9278007
2444,-3.6631086,5.0996504
2445,-3.6079266,4.859986
2446,-3.4870799,4.9012394
2447,-3.6431334,5.123644
2448,-3.7275076,4.793677
2449,-3.5470462,5.0327854
2450,-3.667662,4.777332
2451,-3.6411505,5.0713835
2452,-3.6956303,5.218912
2453,-4.117318,3.7490525
2454,-3.482682,4.8820558
2455,-3.6059146,4.8116736
2456,-3.6438372,5.040048
2457,-3.6484714,5.1212254
2458,-3.7571185,4.5834026
2459,-3.458216,4.8760033
2460,-3.6511059,4.744309
2461,-3.304,5.9510765
2462,-3.3336172,5.929305
2463,-2.180539,3.7232156
2464,-3.2026932,5.482041
2465,-3.3423645,5.947425
2466,-3.2610047,5.80493
2467,-3.207187,5.5601096
2468,-3.182162,5.3603373
2469,-3.2944024,5.850923
2470,-2.781316,4.4943705
2471,-3.2517982,5.8176703
2472,-2.1835473,3.782379
2473,-3.253098,5.65255
2474,-3.2452917,5.4784303
2475,-3.3761284,5.9446855
2476,-3.2593846,5.7826924
2477,-3.25455,5.463112
2478,-2.8588262,4.5342774
2479,-3.2899213,5.7502837
2480,-3.1546798,5.3324084
